altitude_ft,throttle_pct,step,rho1,rho2,rho3,rho4,rho5,rho6,rho7,rho8,rho9,rho10,rho11,rpm,map_hPa,iat_K,fuel_flow_kgps,brake_power_kW,turbo_rpm,cht_C_mean,egt_C_mean,lambda_val
0,40,0,0.0,0.002298232842929081,nan,0.09213228697017108,0.0,0.16054150812740542,0.40679754980808147,-0.26385112614372375,-0.3034879317917632,-0.05938256605542472,0.22841390799463263,2493.425203691738,754.1446435494202,305.667936376609,0.0008564664723692991,21.484755562846814,28659.18098776968,143.00967046427058,164.54746419748182,2.494254417892677
0,40,1,0.0,-0.003449991895175018,nan,-0.06271898461470549,0.0,-0.027694244235464988,0.0432100377388554,-0.0878465017970799,0.07233070829371098,-0.12994260596305768,0.061255636268634645,2496.204965872082,755.1503470249755,305.94320876686703,0.0008553235895160305,21.484755562846814,29111.689480300778,142.83057986082895,166.22653702769583,2.508624979737937
0,40,2,0.0,0.0053566397049751935,nan,-0.2100774218999288,0.0,-0.028889937141171662,-0.06307749689861988,0.10390849779427236,-0.01194106375449333,-0.10580785214123412,0.16042406245373528,2488.2809815323494,752.5753179538752,306.2808803615321,0.0008551389730570462,21.484755562846814,28865.69780228361,142.6949627903282,163.653758355648,2.4866084007375617
0,40,3,0.0,0.00035507870410330354,nan,-0.05453171760716034,0.0,-0.08623122129668394,0.35632818587785,0.0850378560533547,-0.35513482063452967,-0.057978735933402054,-0.4556678440303928,2489.813384668552,753.1707709010374,305.905159562925,0.0008568035398265388,21.484755562846814,29093.2189502103,143.33101503420073,164.2372343424878,2.4991123032397415
0,40,4,0.0,0.00226667040741279,nan,0.15016462500111755,0.0,-0.23762650385152567,0.07926459016695131,-0.018491804161124864,0.17685371784568682,-0.09872803568144498,-0.20460919375357914,2489.2852078254887,750.8565401790179,305.3302603399166,0.0008549385941905366,21.484755562846814,28872.578981071594,143.98465970751545,166.08125891627586,2.494333323981468
0,40,5,0.0,0.0029009498797226323,nan,0.05962019019923001,0.0,0.01622753956142303,-0.21842544290547794,-0.10832345986884104,0.3105213632129173,-0.02397357057995113,0.05593424963415389,2490.2448531505634,750.7784255269131,306.14400510740745,0.0008553458617298527,21.484755562846814,28756.29406592206,143.99761953230654,164.66828381301502,2.4927476253006935
0,40,6,0.0,0.0037252558932481085,nan,0.048961690376197874,0.0,0.5866028517679227,-0.6094312796863854,0.14862525458363146,-0.1257968266651599,-0.0025455246116633983,-0.22522156377250657,2496.946744805383,752.5702100345856,305.6019388528294,0.0008557505385081768,21.484755562846814,29031.391745690384,144.1996585049501,165.93700753165794,2.4906868602668797
0,40,7,0.0,0.0036094608849344604,nan,0.09092589027794024,0.0,-0.4499190434611249,0.1894233045662288,0.3735046463635585,-0.11300890746865014,-0.00934249058917023,-0.15287458585496683,2501.355534147324,753.0691242662155,306.49941609330523,0.0008562905687761737,21.484755562846814,28743.519973416853,144.52971384663425,167.26407790571685,2.490976347787664
0,40,8,0.0,0.0027773766560914466,nan,-0.03316992660405002,0.0,0.5116334423582712,-0.09645061148872518,-0.15511113280452074,-0.26007169806503244,-0.03078680436331409,-0.01699020470198334,2491.803803443599,753.5470230532339,306.1717268633906,0.0008563455432632551,21.484755562846814,28891.51319646151,144.44982637493922,166.1604396092456,2.4930565583597715
0,40,9,0.0,0.002225726979890659,nan,0.044682776176571085,0.0,0.01045622163453086,-0.006578863350369939,0.038606358065566004,-0.04248371634974818,-0.046703126812087256,0.0412897749078564,2496.466755727629,753.9472427201136,306.4590268854485,0.0008563193306996947,21.484755562846814,28367.642769331476,144.8474679818891,164.37380670639993,2.4944356825502734
0,40,10,0.0,0.001148085838670096,nan,0.049766884557832104,0.0,0.056899642004251946,0.1075442089727501,0.2175145169545085,-0.38195836793148935,-0.09029693775137375,0.04708963180242741,2497.141634145471,751.8531519781104,306.1490039387083,0.0008526214229147156,21.484755562846814,28898.819212794202,144.96848599417905,166.3597533127981,2.4971297854033248
0,40,11,0.0,0.002779652416846084,nan,-0.0851395730300465,0.0,-0.40210026507165153,0.00806421508552866,0.1289801645766302,0.26505588540951386,0.0049881597226517265,0.1736480235422301,2495.7843848198954,752.9317911929196,306.27616054933867,0.0008581118204617018,21.484755562846814,28604.754760995456,145.0112480478851,164.33481353706617,2.4930508689578845
0,40,12,0.0,0.002610832861570137,nan,-0.014161932085952534,0.0,-0.06220261624499074,-0.03528140183221759,-0.04763463122462756,0.14511864930183233,-0.03671268531080306,-0.399836335832373,2491.1553043345148,749.5489869809813,306.375110485531,0.0008540018403727765,21.484755562846814,28786.50815861988,145.27561981493156,164.0590483868169,2.493472917846075
0,40,13,0.0,-0.0008473901026195957,nan,-0.01920865654715065,0.0,-0.48460123786454923,-0.577689161994372,0.7753850799032769,0.2869053199556549,-0.01413919706051354,-0.004573054772670504,2492.316109069229,751.3592620790357,306.33727122404986,0.0008559430266025767,21.484755562846814,29204.842294922004,145.52661234207943,167.20282240108583,2.5021184752565486
0,40,14,0.0,0.003434716539400951,nan,-0.12957266656625807,0.0,0.05485437285087324,-0.5313840757927625,-0.15986983610260047,0.6363995390445057,0.0164608470556178,-0.22904933292797436,2496.599595601956,749.8666397958827,306.23167692113657,0.0008559871615397732,21.484755562846814,28931.90522695706,145.47296453713233,166.90182358026706,2.4914132086514975
0,40,15,0.0,0.0005054700908558457,nan,-0.1490053983264226,0.0,-0.277697204119272,0.1289771874702363,0.28801841943581585,-0.13929840278677133,-0.009053253217609256,0.23344774302915372,2496.3543507648224,752.3102725735445,305.7157732868618,0.0008532012583064651,21.484755562846814,29024.217725181014,145.55593696607326,165.69631499788395,2.4987363247728602
0,40,16,0.0,0.0031695071500130656,nan,-0.018144401414979573,0.0,0.3999562722827409,-0.02389976795463139,-0.5021820729264141,0.12612556859830115,-0.09019539933580471,0.140642594720905,2495.928815729102,753.433928082035,305.5227522054213,0.0008559602714498597,21.484755562846814,29073.1159739969,146.15028804814258,167.2582466755922,2.492076232124967
0,40,17,0.0,-0.0011251170846180946,nan,0.21106327409446038,0.0,0.3839757220898431,-0.10122882649617082,-0.20602632505102778,-0.07672057054265832,-0.01792656162936986,-0.10605359652437897,2492.8874169771498,749.1518834870711,306.2277886587845,0.0008522018399248652,21.484755562846814,28843.35698492472,146.79615488627974,165.6747890189165,2.5028127927115453
0,40,18,0.0,0.004686466060128023,nan,0.19024732244362708,0.0,0.16669796184115487,-0.32094236832901757,0.29994700524955603,-0.14570259876170208,0.0768301075016039,-0.12048806848396175,2495.2555779613162,752.2859338619651,305.64443630792795,0.0008567273184084627,21.484755562846814,29255.85737782786,147.0766107078552,163.07893040497453,2.48828383484968
0,40,19,0.0,-0.001852978691618134,nan,-0.08323184472691952,0.0,0.041924408155988566,0.09476552196731229,-0.04003980671027557,-0.09665012341300781,0.03676136940926325,-0.015915283695631666,2497.4029500732963,754.1661793736071,305.6645030995382,0.0008556828500123112,21.484755562846814,29185.94166805807,146.5992613611645,166.40086477322407,2.5046324467290453
0,40,20,0.0,0.0006229194561237342,nan,-0.015907378411438623,0.0,-0.25794595393110853,0.4139008829370316,-0.2543579543345536,0.09840302532863057,0.060265126238631526,0.01865367329140874,2490.262022771556,753.9740755762444,306.1908565402252,0.0008530933467423144,21.484755562846814,29025.815920646077,146.88930435051014,167.28799398726804,2.4984427013596906
0,40,21,0.0,0.004673475548225342,nan,0.04873135349783458,0.0,0.12414107726778528,0.0786320804529285,0.0632746261466985,-0.2660477838674296,0.07642905407450415,-0.13461683358188362,2492.6870263937044,749.3366725416686,305.78835011133276,0.0008538486145621297,21.484755562846814,28984.247342183717,147.26519406833262,164.9758603677425,2.4883163111294366
0,40,22,0.0,0.0007245449720845264,nan,-0.1854325886712861,0.0,0.09900719286007871,0.05175487179178465,0.3174975105759676,-0.46825957522785544,-0.03980648711946913,0.22242171423867252,2491.50401317752,752.6618383260961,306.05141464299595,0.0008526463225758861,21.484755562846814,28786.218719384175,146.8741161958743,165.7663946132064,2.4981886375697884
0,40,23,0.0,0.003047490634984388,nan,-0.10058730933878443,0.0,0.14574929584436777,0.05905895336370463,-0.16771556493531975,-0.037092684272738916,0.06259887455297501,-0.12875767543241934,2490.7563748433176,752.4094595999381,305.28810539682655,0.0008557799428167662,21.484755562846814,28697.72829961738,147.36245851883072,165.68404113771953,2.492381273412539
0,40,24,0.0,-0.0006668349777769745,nan,-0.13635740174952576,0.0,0.3561015800951991,-0.14040212439323138,0.003649122770467788,-0.21934857847241457,0.06743790047890355,-0.1694183283702654,2493.9011582887824,753.3242509754643,305.5832662906105,0.000856457839807054,21.484755562846814,29023.137320595655,147.49421408557723,164.81572174785862,2.501667087444442
0,40,25,0.0,-0.003131834347252785,nan,0.11233591352206733,0.0,0.2651646186938381,-0.12081057138939383,0.15237254558158256,-0.2967265928860319,-0.030141055193180534,0.047853314309315095,2499.843062998945,756.0579941374219,306.1250968325659,0.000856136470910233,21.484755562846814,28998.241348226067,148.2744530885175,164.7567736366165,2.507829585868132
0,40,26,0.0,0.0008434157842249352,nan,-0.08268989848512188,0.0,0.021218351612303454,-0.1498086097023936,0.26428970476100994,-0.13569944667091832,-0.012041586652115122,0.1436603283450627,2494.7003040953964,752.9269967210041,306.7265555925329,0.000853829083953804,21.484755562846814,28702.672835831883,147.9419109452897,163.26055961598868,2.4978914605394373
0,40,27,0.0,0.0014118955856748379,nan,-0.17403125530061753,0.0,-0.1420306037274712,0.20108746009184464,0.07693087883041504,-0.1359877351948007,-0.04191653904452656,-0.2556031783326851,2494.4155492884665,751.768750032551,306.11074642045344,0.0008541012315564096,21.484755562846814,28756.834105668564,147.92717849222876,164.24894872593,2.496470261035813
0,40,28,0.0,-0.0004178972092393432,nan,0.23430337963724318,0.0,-0.13447853446356872,0.06915367346612711,-0.15663398433403417,0.22195884533147436,-0.011544148697273576,0.13272728844749218,2496.427166705956,753.1954947929897,305.17845248632807,0.0008524894158218116,21.484755562846814,29360.174444763117,149.0486973127741,164.63173831614463,2.501044743023098
0,40,29,0.0,-0.002019835135849001,nan,-0.08369288072866063,0.0,-0.07612501796152481,-0.6591049679064034,0.39493554081473553,0.3402944450531997,0.0352560802400262,0.22009304019106105,2491.3424133448757,752.6738896438436,306.4330498455689,0.0008564884727374042,21.484755562846814,29044.825695518688,148.59629297782413,166.3113508313718,2.5050495878396224
0,72,0,0.0,0.002494418918437889,nan,-0.07858258522576969,0.0,0.13590656468919238,-0.3208815499899692,0.24895483818273795,-0.06397985288195546,0.0003282003362440768,-0.26340626703600406,3015.65408395911,996.0264154343142,314.5680952993061,0.0024077607300455757,66.26211615128497,44968.68004015151,151.98570466304975,279.82915964242915,1.3854244181688362
0,72,1,0.0,-0.006473348667726284,nan,-0.06044710149981849,0.0,0.395244640391785,-0.4729708919236343,0.074873320149212,0.0028529313826456543,-0.04910050131833912,-0.23013087722945957,3013.8362401253926,992.7676971833735,315.5536817308596,0.0024067633076673253,66.26211615128497,44932.91281317293,153.06181483968342,281.1127077557284,1.3978796509273976
0,72,2,0.0,0.00028229519415925964,nan,-0.07307050883510974,0.0,-0.011774853745155023,0.14819367642354184,0.2677078843031892,-0.40412670698157604,-0.00854240620796682,0.06178450248814381,3014.777229434468,992.4080492878029,315.57403786840473,0.002407137057486148,66.26211615128497,45198.32440385579,154.07319776659932,280.7085659353378,1.3884968122303343
0,72,3,0.0,-0.004980239788186008,nan,-0.07217677194640587,0.0,-0.08434671820951477,-0.0535858921207137,-0.3280856217155048,0.46601823204574716,0.0029519762061642127,-0.2704556053762543,3011.8289030576775,992.7573966264879,314.9236560398434,0.0024069338698123346,66.26211615128497,45202.531229616274,155.1060241973127,282.0075799895134,1.395805888594703
0,72,4,0.0,-0.002286700232889647,nan,0.0258047698052042,0.0,0.15948047285068825,-0.4094499231916726,0.03640296240650487,0.21356648793447955,-0.02875554914873999,0.23737060918412975,3018.2691330505895,996.4014752508074,314.99309004074155,0.002406923400323277,66.26211615128497,45226.30131174736,156.36691060315215,279.46151230011026,1.392064861434569
0,72,5,0.0,0.0007802571615574546,nan,-0.022214722550240724,0.0,0.5148890290689819,0.05301243104936994,-0.3265581980765073,-0.24134326204187206,0.016225875703724277,0.32367511084297124,3013.005476974447,991.4722770103903,315.1345130304591,0.0024079076621973845,66.26211615128497,45280.35674617574,157.28503274069288,280.1705994664468,1.3878051983867257
0,72,6,0.0,0.00939649399534515,nan,0.00511565463171461,0.0,-0.4162778613108644,0.11908040801114836,0.16819991569864107,0.12899753760106122,0.010566726609697388,-0.09976081591401637,3015.149932208343,993.3223187025424,315.32542870212217,0.0024039173720499384,66.26211615128497,45435.5026064744,158.3283858454039,281.09182879222215,1.3758382027842428
0,72,7,0.0,0.003537694388774728,nan,0.14917080454763723,0.0,0.12074862455799162,-0.08467034414081029,0.08492197455544467,-0.12100025497261235,-0.040759716533764125,0.165895505982058,3009.722262543473,990.823385173983,315.4343557123321,0.0024086403918432793,66.26211615128497,45753.482148796924,159.7309214348492,280.49004410710893,1.383975424460035
0,72,8,0.0,-0.002192108683695241,nan,-0.21642413990294634,0.0,0.6629146518597244,-0.3944463315018528,-0.11828126561581509,-0.15018705474204852,-0.014697609885233446,0.09715871950938836,3012.7473841058286,990.8222858908314,315.7401099842598,0.002408742584870839,66.26211615128497,45311.54969864928,159.86937837016316,279.8977272708102,1.3919334842829099
0,72,9,0.0,-0.0030909416138470724,nan,0.09894831400004919,0.0,0.22845888160311772,-0.20658381858122732,0.01963657032966694,-0.041511633351565255,0.06423148312151879,-0.2996538655210267,3016.4073024474806,992.5551487304851,314.87234483671676,0.002408269644470783,66.26211615128497,45480.21794185813,161.6186085923987,282.11412146250814,1.3931818633525652
0,72,10,0.0,0.0038655523373197546,nan,0.22629935444707433,0.0,0.19881667589868882,-0.17861125714108536,-0.25927845088685786,0.23907303212927014,0.026219534848747977,-0.030999396270427956,3014.882499894165,990.087737933533,315.52882657027936,0.0024036192600016652,66.26211615128497,45281.82019588311,162.87397669811355,280.88215067772865,1.3835200661981668
0,72,11,0.0,0.0027609516352738363,nan,0.12147535180215482,0.0,-0.2314761054902511,-0.21596446469884656,-0.055974879063856425,0.5034154492529732,0.05792399142198676,-0.26230967523314375,3012.3907594145453,993.4869095529766,315.38417430467643,0.0024047162122643314,66.26211615128497,45248.778984312514,163.62856572828002,280.167775405924,1.3850542338398975
0,72,12,0.0,-0.0038632105476179806,nan,-0.19994209635195048,0.0,0.132509028931089,0.005083454624804695,-0.2693434844662961,0.13175100091041228,0.016917133267398726,-0.07719903629927846,3011.4484817614634,990.173548080376,314.9621308370879,0.0024118060684849255,66.26211615128497,45252.581185275114,163.92192762683393,281.6215584252076,1.3942544590939139
0,72,13,0.0,0.0005333125393641428,nan,-0.08560550745594227,0.0,0.3386507688521412,0.5471326590338315,-0.5295460377439645,-0.3562373901420273,-0.0013427833260586815,-0.1395814311492662,3017.4611608655773,990.8290975921112,314.96663300437353,0.002406401166115129,66.26211615128497,45429.19310950576,165.12439320422106,279.0216697621281,1.388148177028661
0,72,14,0.0,-0.0071990542547104705,nan,0.13414030418109685,0.0,0.1912836113500751,-0.1918591598690117,-0.1982275175784818,0.19880306609740514,-0.02329459829519041,-0.09084134691010814,3015.407764228304,993.79737836807,315.1336334829642,0.0024070232819563657,66.26211615128497,45249.5614162147,166.6326887727812,280.47147844359915,1.3988875753537644
0,72,15,0.0,-0.0009502514225800287,nan,0.19526451937194558,0.0,0.2523761865370541,-0.23757741690948564,-0.43056825291808687,0.4157694832905144,0.05671454251251179,0.049282443704982415,3016.067133249141,993.3490984697105,314.7174646395353,0.002406193101096971,66.26211615128497,45429.07991043781,167.74419882717388,280.76475392844486,1.390208682531361
0,72,16,0.0,0.0026505228689711227,nan,-0.054971271217903864,0.0,0.0659637556878108,0.4204963739913095,-0.1964894019534436,-0.28997072772567856,-0.06589791557157368,-0.020107187549421486,3016.5470769591166,994.3466115478512,315.73726232444614,0.0024053972975844992,66.26211615128497,45060.15264986347,168.1099913686746,279.5232741014351,1.385207607126429
0,72,17,0.0,-0.0014643405673686533,nan,-0.009214119971884482,0.0,0.049567725064140686,-0.004052209529629855,0.04005057139383557,-0.08556608692835202,-0.07363070787734541,-0.03642761481344417,3021.7639776622004,993.4126387325005,315.510024434281,0.0024044737607400737,66.26211615128497,45166.1227246932,169.17456397204305,281.274253950905,1.3909226952324565
0,72,18,0.0,-0.0012133834191965448,nan,0.16150218975324027,0.0,-0.033519557580930164,0.03624898383056244,0.46143751869454575,-0.4641669449441723,-0.10789750686032312,-0.06642766059011862,3014.6397191683454,996.812066808538,315.4864365102159,0.0024006997644068083,66.26211615128497,45367.9433308859,170.50377985979947,279.0217219706249,1.390574143637773
0,72,19,0.0,-0.0006798824332019338,nan,0.21649646580969953,0.0,-0.13351606838982755,0.12019649587099199,-0.35696930366540675,0.37028887618423484,0.060737190261423366,0.3081924913548112,3014.114259245567,992.7650498664827,315.08347666832105,0.0024067044466867487,66.26211615128497,45414.08319926758,171.6495529625133,278.61995270688476,1.389833170046114
0,72,20,0.0,0.00431181883440797,nan,-0.2124515935896621,0.0,-0.3111968806604706,-0.16150161975946176,0.046303750931036364,0.4263947494889165,0.061224272088757706,-0.06556885394480283,3010.691207755431,989.0395402214892,315.19453206753434,0.002404735523648784,66.26211615128497,45043.78681026628,171.559565208987,280.8051777564442,1.3829002516188778
0,72,21,0.0,-0.002204222251857751,nan,0.11210972985123062,0.0,-0.05114250137518012,0.22352481229918492,-0.1614224220035611,-0.010959888920428915,-0.05841653356876655,0.06685455934398205,3013.0783619622825,990.3858890841366,315.713089677144,0.0024064572368150093,66.26211615128497,45123.5165711991,173.2955485358612,279.98313998416484,1.3919503086831357
0,72,22,0.0,0.007690388462906129,nan,0.01028772054645283,0.0,-0.04971497276406396,0.3384956009310882,-0.0844057443105734,-0.20437488385646385,-0.05950312824564678,-0.11206061383269357,3015.974216440182,991.5103183122782,314.86227029208,0.0024056204152407,66.26211615128497,44796.52335198479,173.98643307463917,281.0627512172075,1.3782077938015194
0,72,23,0.0,-0.005382932507290819,nan,0.0967260823642454,0.0,0.06591940027222251,0.06360102148440507,-0.21359414955868283,0.08407372780204961,0.003792862532363784,-0.17827287107151152,3013.7715168769982,990.3173485708186,315.20087295466914,0.0024090325725076287,66.26211615128497,44884.69116206618,175.16302608089364,280.5143874673705,1.3963651840379039
0,72,24,0.0,0.0003762366540915193,nan,-0.0045561698491825165,0.0,0.18474439340485585,-0.13106256207116446,0.05968841336573738,-0.11337024469941989,-0.042792134792578734,0.0887158404730401,3016.1676586182375,992.285136901972,314.9983797749787,0.0024084193329833863,66.26211615128497,45599.19336285861,175.8482974060359,281.0773761677883,1.3883663379804285
0,72,25,0.0,0.0005629159196196634,nan,0.010051990877874796,0.0,-0.13816934944537268,0.0650124650108326,0.024608891810994044,0.04854799262355898,0.012384502198307744,0.02190142813278388,3009.0695064428232,993.3362486815887,315.1000783150726,0.002409708703018948,66.26211615128497,45425.88710105033,176.82379901873722,280.4797504260119,1.3881070612227504
0,72,26,0.0,-0.005637346750061231,nan,-0.09590893070499094,0.0,-0.22887228149941144,-0.027028538810912855,0.45807251923541065,-0.2021716989250791,0.09385992292652295,-0.08202442572146883,3011.3518345758016,992.7123262400781,316.0952267002291,0.0024057646268261564,66.26211615128497,45533.40738164158,177.45595612546492,281.04961170300396,1.3967185371528628
0,72,27,0.0,-0.004236962944321751,nan,-0.10857195462168502,0.0,-0.06525513854551375,-0.02586289019540574,0.06010916082701403,0.031008867913908465,-0.034704874285183,0.10397029137923279,3016.762798759249,993.596640763737,314.14197645411355,0.002407212074721618,66.26211615128497,45127.084235792085,178.35911185245405,279.4790730936321,1.3947735596448914
0,72,28,0.0,-0.0034203397606998665,nan,0.1391771330552237,0.0,-0.3731228778833053,0.3042776966213765,-0.2222866576106247,0.2911318388725449,0.004124523478618239,-0.23571511286679692,3010.5686725400938,993.2092150211175,314.7439272046652,0.002404938500969655,66.26211615128497,45418.74240797402,179.8410273065913,279.9509439470801,1.3936393607787498
0,72,29,0.0,0.00040137173871151473,nan,0.07446055314707077,0.0,-0.10971543030460278,0.03225539655348822,0.040713429627701525,0.03674660412343282,0.011950351927610847,0.05201331428709738,3018.8352214049114,993.535290552147,315.3696220520555,0.0024009661238472094,66.26211615128497,45529.45084237444,180.55773545478866,281.6025925979947,1.3883314281406784
0,100,0,0.0,-0.004434594708696633,nan,0.0459495526206888,0.0,-0.0264671570244128,0.17369230692576834,0.13334383871714559,-0.28056898861849144,-0.036767175543939615,0.03151258713293914,3643.5462830007305,1220.975940799348,326.3360340935881,0.0048668884353874455,137.5121880402171,66028.04806968317,166.96606393712563,375.5542615044954,1.0044345947086966
0,100,1,0.0,0.007402771611199607,nan,-0.11263771594788759,0.0,-0.26955497307325116,0.2918984263134613,0.057698991732017056,-0.08004244497224436,-0.06325919738825264,-0.19159875026856643,3645.7860612752083,1226.230883014562,325.3747998729543,0.00486803409225221,137.5121880402171,66187.96315520778,168.94086560870477,376.4595340491904,0.9925972283888004
0,100,2,0.0,0.008991972844045579,nan,0.04490886576080032,0.0,0.19769607651684484,-0.11072517141496721,-0.1667187852492616,0.07974788014737386,0.048370186167284626,-0.2349101724269926,3648.9615567844403,1225.0519140919866,326.1320524114637,0.004868723172087039,137.5121880402171,65967.55981781,171.65475363169452,375.8041088831072,0.9910080271559543
0,100,3,0.0,0.006272392633776911,nan,0.02916834884764123,0.0,0.3869791203494645,-0.05403972676113805,0.054101923486821496,-0.38704131707514067,0.03117201537916744,0.10442761908981406,3647.234735613729,1227.3697435055046,325.18038658045293,0.004869412797246454,137.5121880402171,66006.54804481778,173.94473059024295,377.975989406437,0.9937276073662229
0,100,4,0.0,-0.003436561246363897,nan,0.04730602403992719,0.0,-0.2793527088206581,-0.1587654133913928,0.28293642369164557,0.15518169852039565,-0.043000881084978515,-0.06487600349073357,3646.796962933287,1223.1524508255663,326.6638159553738,0.004868926701612535,137.5121880402171,66188.3824222192,176.29835005409106,376.52555479089835,1.0034365612463638
0,100,5,0.0,0.003256937254084072,nan,0.15570857594913223,0.0,0.36901026519006674,-0.3672297055201968,-0.1697365709292215,0.16795601125933476,-0.05237863067188194,-0.16659994446905385,3647.6618883572123,1226.7164731980954,326.4101143794543,0.0048695291217563975,137.5121880402171,66187.25612859328,178.86099300459435,377.1324595925115,0.9967430627459158
0,100,6,0.0,-0.007903275921511087,nan,-0.18152271069699238,0.0,0.1964560633031437,0.36373944263282776,-0.5364480928908216,-0.02374741304514017,-0.008217209919807754,-0.058670388417209236,3649.529977374122,1226.3027218862076,326.4958223368084,0.004868373692576007,137.5121880402171,65775.78696680345,180.34284553566212,376.0802497433911,1.007903275921511
0,100,7,0.0,0.002732067194697884,nan,0.10097829794138467,0.0,0.3258902662510745,0.15641584031889916,0.013854440697536712,-0.49616054726751513,0.07039142046721471,0.05275885895384205,3646.758717409795,1229.2879115830872,325.3711916362216,0.00486835509105665,137.5121880402171,65976.26683302336,183.29470303059787,377.91731037440013,0.997267932805302
0,100,8,0.0,-0.003830968381067041,nan,-0.08679594932177961,0.0,0.15463900993595223,0.04903141062075138,-0.11686016244136585,-0.08681025811532606,0.023583690822505624,-0.19205685290766966,3646.831583908084,1225.1634481696385,326.72744928300324,0.004873804580298374,137.5121880402171,65859.74251450751,185.14254353481564,378.6599856164936,1.003830968381067
0,100,9,0.0,-0.00024045940467771405,nan,-0.1356094535447227,0.0,-0.014824175356070945,-0.2516783152970027,-0.1924310925254255,0.4589335831785019,-0.04460065968142472,-0.044917931196272395,3644.4696213549532,1222.817585843511,326.85574762913024,0.004867469864594561,137.5121880402171,66239.70954177031,187.25261731796124,375.908389872254,1.0002404594046777
0,100,10,0.0,0.00839940795175561,nan,-0.11049851999238144,0.0,-0.050729643136183444,0.11544168038445378,-0.11280278846456301,0.04809075121629075,-0.042196135325417085,0.0269804933530899,3649.039689179848,1228.897159977306,326.2322033771933,0.00487070770990901,137.5121880402171,66206.98159460997,189.5745658313545,376.4861236408143,0.9916005920482444
0,100,11,0.0,0.007557012547509048,nan,0.007911653415773238,0.0,0.007476206412425032,-0.18177347089118812,0.06831095358040354,0.10598631089835288,-0.07674030180066707,-0.05955967342691583,3646.4511550137418,1228.1909046125315,326.3626329183429,0.004867360510732988,137.5121880402171,65984.02643746856,192.07556053576565,379.29242251575016,0.9924429874524908
0,100,12,0.0,-0.0027630073964955873,nan,-0.014829430063293743,0.0,-0.053312593739493444,0.3252684592875382,-0.27869823250279135,0.006742366954758008,-0.07088467993696615,0.04567634595286821,3646.382965856401,1225.6816892144554,325.7729719735251,0.004869590270512155,137.5121880402171,66239.67588077548,194.2569120506115,378.10497160469606,1.0027630073964955
0,100,13,0.0,0.0008751832278816299,nan,-0.038163317221573685,0.0,-0.5073512963180347,0.25384374107605395,0.14491559084352557,0.10859196439846477,-0.03453893125013627,-0.19549461740037719,3642.158512684898,1221.562172546795,325.72786473393387,0.0048676268565462305,137.5121880402171,66461.68438819046,196.40555912665286,374.5437989862737,0.9991248167721183
0,100,14,0.0,0.010890437193083202,nan,0.03628029509440432,0.0,0.479208571492514,-0.2589614216287661,0.16744453259438527,-0.38769168245813485,-0.06158696332229013,0.07702786519597632,3649.4430052910234,1223.5314638686975,326.45460553363455,0.004871004590158373,137.5121880402171,66159.66658203014,198.80239275264,378.6411682817123,0.9891095628069168
0,100,15,0.0,0.005907529563687458,nan,0.18442653124307304,0.0,-0.3142123429097594,0.0677826562178146,0.2848915310791674,-0.03846184438721301,0.03480654439371526,-0.06867407705618764,3649.4699906886467,1223.3350599640416,327.2131922994031,0.0048679298691698325,137.5121880402171,66040.26792764256,201.33247211158977,377.3895903326793,0.9940924704363125
0,100,16,0.0,-0.00549527269676987,nan,-0.0452776374569272,0.0,0.2911884284083592,-0.22375442546807386,-0.1677463832885478,0.10031238034827206,0.09580147260491521,0.04432819513098707,3642.738482702636,1224.5397206698121,326.5997789753709,0.004871897355081292,137.5121880402171,66012.44338265176,202.9867128297902,377.3898042969077,1.0054952726967699
0,100,17,0.0,-0.005251821934570806,nan,-0.0595460352158932,0.0,-0.458177593469623,0.15045404734514572,0.1910784751483956,0.1166450709760894,-0.001584810458318933,-0.13953502084128183,3648.755797870548,1223.6312673791222,326.05921684809954,0.004866381962165838,137.5121880402171,65958.73973039798,205.09694348331254,378.5599232433845,1.0052518219345707
0,100,18,0.0,0.0037073704006747067,nan,-0.03908064834606654,0.0,-0.11429520174296923,0.15049131199162702,0.1381894896322705,-0.17438559988094066,-0.014285472079678962,0.07723005314406291,3649.5020013914127,1226.1680834952665,327.21135091297407,0.004870277281973057,137.5121880402171,65752.61238045548,207.32536387170882,376.13552821072284,0.9962926295993252
0,100,19,0.0,-0.007547562523734914,nan,-0.00791239032482386,0.0,0.21543918099101056,0.1529781633302268,-0.25886306395569486,-0.10955428036554606,0.0894076976936044,0.07535291827940695,3646.4871794306423,1226.1842546392331,325.7266237840709,0.004869939355188911,137.5121880402171,66002.40614042823,209.54808843895987,375.389542278982,1.007547562523735
0,100,20,0.0,0.004648630835102084,nan,-0.09001826475467281,0.0,0.23059267892995639,-0.15014591851768147,-0.03441581652964893,-0.04603094388261034,0.032736771597723084,-0.26988524162695465,3642.958897051039,1227.8700697471481,326.17263188240247,0.004866881737537501,137.5121880402171,65992.02786636322,211.47738607495359,378.6455002638244,0.9953513691648979
0,100,21,0.0,-0.011290344005954397,nan,-0.02253573346883964,0.0,-0.15357376527251504,-0.008858899658235102,-0.11654834212996243,0.2789810070607126,0.011175631028979604,-0.012753821620799244,3648.180421393971,1223.0213921259272,326.26972796464025,0.004870049015347384,137.5121880402171,65890.96975719048,213.78291034103688,376.6760638212377,1.0112903440059544
0,100,22,0.0,0.0035131388045843465,nan,-0.08575617915940245,0.0,0.39311763644839604,-0.17809125602779252,-0.4241795116979341,0.20915313127731494,0.033202533499439114,-0.18387711105064547,3648.6959222474206,1225.1286194210884,325.8117983918049,0.004867946168839603,137.5121880402171,65791.74257047377,215.74113946998975,376.29162942578165,0.9964868611954155
0,100,23,0.0,0.006411440653697966,nan,0.02566678966424255,0.0,0.03801624309828597,-0.1205724884346709,-0.006898198440066519,0.08945444377645731,-0.02261025909772596,-0.09889447381626983,3646.136632733136,1225.9867086243994,325.76785985351887,0.004870499134982892,137.5121880402171,66372.7378332772,218.1276774561386,375.7235037904177,0.993588559346302
0,100,24,0.0,0.006988420598983936,nan,-0.18082418078517123,0.0,-0.04604254082509333,0.21298111670085978,0.15338792636480522,-0.3203265022405755,0.05633422267101028,0.025725789803481974,3643.690196526231,1229.5345940337527,325.949224115972,0.004872274354171755,137.5121880402171,65778.86613685172,219.7432479467285,375.7232253503126,0.9930115794010159
0,100,25,0.0,-0.0004598579310278002,nan,0.05742500285436987,0.0,-0.0684529202700316,0.22460339714703953,-0.06761590852959573,-0.08853456834740643,0.029302215184370706,-0.11440817441559781,3651.4358641849512,1227.7063655351883,325.99960450153065,0.004869495804482911,137.5121880402171,66055.29626089861,222.3852785353239,376.0258121345168,1.0004598579310278
0,100,26,0.0,0.0014274516985726246,nan,-0.014279574829424909,0.0,0.08181734244217873,0.19268314004049927,-0.2057760868031654,-0.0687243956795135,-0.07837780189732388,-0.11071903655945764,3647.845576319388,1224.0085498433514,326.1152206946993,0.004868763054506313,137.5121880402171,65929.93816854265,224.28920076621077,377.1771025907057,0.9985725483014273
0,100,27,0.0,0.0028570882247069434,nan,0.18025865802419824,0.0,0.06326847011871728,0.18969188722584074,-0.3040615192245314,0.05110116187997907,-0.06559816798938106,0.22250746817681125,3646.949884015203,1225.1904948131403,326.15044934127394,0.004871644066106034,137.5121880402171,65908.29785095599,226.8346278216721,376.4617982033284,0.9971429117752929
0,100,28,0.0,-0.002767188952100171,nan,0.0003570947635725087,0.0,-0.06513541135335418,-0.01187231749202223,0.0409762592332607,0.03603146961211971,0.03917810281774686,-0.039600369794478736,3643.434770402089,1222.1369237545562,326.169266785374,0.004871163377686653,137.5121880402171,66017.50077788398,228.46206318017812,378.9795856359033,1.0027671889521002
0,100,29,0.0,-0.0006761486572100938,nan,0.10389595182271989,0.0,0.15925570081367785,-0.18910699535776027,-0.21445727833268693,0.24430857287675894,-0.056951367317672724,-0.10068274233503427,3644.6537138922426,1226.1700705393132,326.31755865014617,0.004867107250181634,137.5121880402171,65846.72340213257,230.73689174342525,376.7145893261495,1.00067614865721
5000,40,0,0.0,-0.0028103359419877506,nan,-0.25373827078199546,0.0,0.05075943818361019,0.16491090084036725,-0.06072883162198546,-0.15494150740200466,0.014246444977081907,0.08915116401900722,2479.8851522460564,628.1364108392917,294.96905532903435,0.0007282024226656118,17.7623737289631,28675.667430119905,141.325463069709,156.1747683581356,2.507025839854969
5000,40,1,0.0,0.003839966745187849,nan,-0.1480646141632849,0.0,0.10264602597232343,0.14348957859735542,0.07520269780143994,-0.3213383023711278,0.07687744409470404,0.4102358057090591,2478.2597159136863,628.6056619859348,295.3812180002996,0.0007315540989166064,17.7623737289631,28494.372573679386,141.84178191494024,156.47055297965727,2.49040008313703
5000,40,2,0.0,0.0012189071791063111,nan,0.3269285378039334,0.0,-0.13440717083415715,0.21055463892194115,0.005604326096341566,-0.08175179418413456,-0.04173634339871442,0.11713820528496802,2486.9739323351505,627.2347092049472,295.0166651892539,0.000728263758738089,17.7623737289631,29043.82018840327,143.01977122302202,156.18587358746458,2.4969527320522342
5000,40,3,0.0,-0.0027644876865204056,nan,-0.31427533680621583,0.0,0.26938278411195915,0.32602814353171117,-0.4608130285995776,-0.13459789904410177,0.03531783626049777,0.2239661800611939,2479.415502362849,625.6897711379178,294.98914401477094,0.0007279010442940839,17.7623737289631,28634.854832527613,141.63500695513173,156.02298657498775,2.506911219216301
5000,40,4,0.0,0.00141161264180891,nan,-0.040575396539361326,0.0,0.0415115015193635,-0.4934756663044189,0.10109502226374079,0.3508691425213092,-0.01588370502186691,-0.18545309369158514,2479.6828651515802,624.451206572654,295.8026655200404,0.0007263867313408119,17.7623737289631,28697.286401957794,142.39023164491635,156.59063530407101,2.496470968395477
5000,40,5,0.0,0.0007335408250889892,nan,-0.04188547356006662,0.0,-0.3370371465956722,-0.15987035781602008,0.5104430509685968,-0.01353554655690288,-0.005173112868279667,0.010028193963072321,2479.9146093247177,629.1719195529315,295.4136322516961,0.0007305816401544185,17.7623737289631,28287.512984792655,142.67637497840576,154.43627594742853,2.4981661479372774
5000,40,6,0.0,-0.0010692462112776946,nan,0.09856577931301341,0.0,-0.0622281959200236,0.23143849250253515,-0.6427984400919728,0.473588143509445,-0.0584301120222951,-0.09236675246956226,2481.2629006136117,626.0916201359239,295.7828655640144,0.0007287868476611428,17.7623737289631,28894.524071607266,143.10370081414956,154.34799891596487,2.5026731155281943
5000,40,7,0.0,0.0012119764669191355,nan,0.023797020309366305,0.0,-0.040325888334310944,0.30289899781672447,-0.27245584628804786,0.009882736805621711,-0.029613115023775886,0.09593600295455848,2484.153608172885,627.9783338756616,295.55708426941226,0.0007271423536775305,17.7623737289631,28579.227790239584,143.02277152000198,156.9605578640178,2.496970058832702
5000,40,8,0.0,-0.0030216343930093135,nan,-0.09701200028157139,0.0,-0.20718141341460244,0.4069832326464789,0.1389446252352881,-0.33874644446715557,-0.10494669518342206,0.04908270471386894,2476.4281821303443,626.4038664569965,295.4868422804143,0.0007232549646875286,17.7623737289631,28897.583967586277,142.75824491666265,154.7271171980907,2.507554085982523
5000,40,9,0.0,-0.002321090122352859,nan,-0.1703892648977659,0.0,0.12595974141602898,0.03302372770301959,-0.15865399571879868,-0.0003294734002462635,-0.047481366663126724,-0.05022360265500424,2480.907522857102,629.8844584914907,295.47864624178516,0.0007305295814599529,17.7623737289631,28542.509627263433,142.97044166591493,154.3626689371893,2.505802725305882
5000,40,10,0.0,-0.0017975740527566295,nan,-0.12251561622365563,0.0,0.4248442267732684,0.3694818224051676,-0.25645644979127186,-0.5378695993871625,-0.027893527012192252,0.04040102494252684,2483.8752440877183,628.3217418826893,295.579505136397,0.0007284172787582391,17.7623737289631,28740.062839506063,143.16405764328817,154.29395274378624,2.504493935131891
5000,40,11,0.0,0.0009719493191461863,nan,-0.14850285663314045,0.0,0.010234927050532028,0.14442835648324412,-0.25474838711245484,0.10008510357866088,0.014178122257884297,0.0719265873100361,2482.731097049168,629.8970146042976,295.8083321577256,0.0007281306715392471,17.7623737289631,28551.13616455824,143.24071552657193,156.3173136975841,2.497570126702134
5000,40,12,0.0,-0.0008158332149058518,nan,-0.06437570584977788,0.0,-0.34517132660331956,0.2544217028776204,0.03481313991457281,0.05593648381114258,0.06142594873947062,0.22854174224390678,2485.0032636547476,627.9134638805946,294.42100024605793,0.0007287717885687167,17.7623737289631,28504.669908334305,143.609130088875,155.59843717741109,2.502039583037264
5000,40,13,0.0,-0.0016027065315100792,nan,0.0863769919740853,0.0,-0.2428043211015775,0.017301115529191603,0.08075759887919287,0.14474560669319309,0.079667491059253,0.2007730427459159,2484.801699279532,624.932913250954,295.75613994253365,0.0007308872295009861,17.7623737289631,28720.94498671424,144.18361028064783,155.35498216503194,2.504006766328775
5000,40,14,0.0,-0.00030295862303638527,nan,-0.10562064635367119,0.0,-0.1724343793874077,0.05383760435303789,0.2683057281876784,-0.14970895315331745,-0.019773462481809244,-0.08774310003236481,2478.258359142177,625.1137105389377,295.8517953281713,0.0007300566371896564,17.7623737289631,28630.08129839499,143.84509919613242,156.76718733991265,2.5007573965575904
5000,40,15,0.0,3.2870745496624816e-05,nan,-0.043573513685388296,0.0,0.05457904587953935,0.003365012180819832,0.2173011646684685,-0.27524522272884383,0.0779209932385632,-0.041992207750635724,2488.125627037262,630.959862501407,295.77013383874265,0.0007275297119855918,17.7623737289631,28485.551844342463,144.0553525544052,155.0900618910052,2.499917823136258
5000,40,16,0.0,0.0015657012410886899,nan,0.14232169147843085,0.0,0.2549859533966103,0.003246769880843381,-0.029423486236413,-0.22880923704102452,-0.0448394071134387,0.04200996211296243,2482.845679252446,623.4389659225329,295.886047820123,0.0007295390122225484,17.7623737289631,28817.025855972126,144.70791869574083,155.05022329789844,2.496085746897278
5000,40,17,0.0,-0.0005614783752408507,nan,-0.07190446597172509,0.0,-0.22132075329660342,-0.026358243750059983,-0.08729654075076496,0.33497553779741573,0.04852200402296081,0.054879246174231594,2476.712417178045,625.1125791846031,296.18939287883074,0.0007291487851535089,17.7623737289631,28571.256624962403,144.3287534406738,156.57264664545312,2.5014036959381016
5000,40,18,0.0,0.0033108763557503085,nan,-0.06529409363275973,0.0,-0.39637439267165303,-0.1812955358210685,0.3099400985195333,0.2677298299731794,-0.08455304950253353,0.20136265072185924,2485.0697781702474,630.0657264294395,295.6029761544318,0.0007253163844101128,17.7623737289631,28535.19906658781,144.3622815876148,156.44093552136468,2.4917228091106236
5000,40,19,0.0,-0.0021747878804234855,nan,0.013842543095267723,0.0,0.5441804089513145,0.21715546802589514,-0.3355007474327525,-0.42583512954445196,0.022457540127715225,-0.0059041872886825275,2481.2639231386547,629.4662653295695,295.50715443664103,0.0007282735989197847,17.7623737289631,28359.95014284327,144.78952701357042,156.70837166521255,2.505436969701058
5000,40,20,0.0,-0.00018576227231603738,nan,0.060693576699603166,0.0,0.2692775002266806,-0.20828693969783674,-0.6168143152553534,0.5558237547265343,-0.05810727457529482,0.024528760851217912,2478.037819324138,627.8919671418286,295.6435518460849,0.0007314865588555449,17.7623737289631,28340.60877562403,145.14756401420735,154.09854438635796,2.5004644056807894
5000,40,21,0.0,0.00291072550317596,nan,0.2114293000189333,0.0,-0.08576255026599304,-0.014516313567560474,0.0870875812430541,0.01319128259050456,-0.02989022194639654,-0.1540440539052714,2482.827837826191,628.2943490685931,296.2321151187454,0.0007292509226952255,17.7623737289631,28657.29247040485,145.57432387569497,156.78008498372583,2.49272318624206
5000,40,22,0.0,0.0004795112543794471,nan,-0.09550592740251335,0.0,-0.12671431475995926,0.028429681934836373,0.3781116951078315,-0.2798270622827299,-0.01428690367572405,-0.3157974252047263,2481.6510836020066,626.7928629748131,295.2616602792434,0.0007312417609100667,17.7623737289631,28639.089951076854,145.04873207662018,156.56187132299738,2.498801221864051
5000,40,23,0.0,-0.0032379539933902646,nan,0.2732886851280511,0.0,0.06091602540407724,-0.03903903753078636,0.7062235893056568,-0.7281005771789403,0.031967094415877195,-0.11615240319412211,2483.8247115802674,626.0722489905734,294.71877316154854,0.0007268728923546886,17.7623737289631,28737.70448766128,145.92365165348244,156.72826687645573,2.508094884983475
5000,40,24,0.0,0.005680826546602583,nan,-0.17250389633326477,0.0,0.039429068766319214,-0.026295866811375856,0.11467466734315786,-0.1278078692981049,-0.02261350368979856,-0.08380755083349477,2481.174135880674,623.8098572670206,295.5259432673534,0.0007270987233882477,17.7623737289631,28819.130729497785,145.00845075455146,153.92884534095978,2.485797933633493
5000,40,25,0.0,0.00011863641533166195,nan,-0.09492724067378526,0.0,0.018854373455120726,-0.07508170049306419,-0.3408888053003768,0.3971161323383291,0.06726915798554642,-0.05642147859497078,2480.843708674438,624.5601902039044,295.87479602211505,0.0007311962137692982,17.7623737289631,28840.385394197845,145.46513084006637,154.95542298074645,2.4997034089616705
5000,40,26,0.0,0.0031254807559853177,nan,0.10916327940730926,0.0,-0.24748850135584682,0.6457475472614467,-0.1845027530047093,-0.213756292900892,0.03129780239416506,-0.24792226138569454,2482.0604001866946,631.0159368029417,295.55010426585534,0.00073017690479922,17.7623737289631,28712.663439664844,146.05526476592337,153.98111630551605,2.4921862981100364
5000,40,27,0.0,0.0004257563723652432,nan,-0.25091812900928473,0.0,0.008774357391710078,0.33220784099908435,-0.34996926766443043,0.008987069273634476,0.008627003476567155,0.07575918915134282,2481.5257147548514,628.1126110606742,295.53711821069845,0.0007289137891714363,17.7623737289631,28772.325413211587,145.29350342891235,155.48512239209612,2.4989356090690866
5000,40,28,0.0,0.0019944679382105537,nan,0.16556542291513504,0.0,0.41077884672543796,-0.23885716763305204,-0.08350815004985442,-0.0884135290425228,-0.06640489733027807,0.19709674204031594,2482.5383983114675,626.298500321326,295.1448099386496,0.0007268828500088543,17.7623737289631,28943.99013782382,146.35496789781976,155.92363668578668,2.4950138301544733
5000,40,29,0.0,-0.005027151403406755,nan,0.04313378009828072,0.0,0.34504645434874737,0.06275433295098987,4.979070370912664e-05,-0.40785057800345875,-0.028548949130069445,-0.010736626726795089,2474.9307209221965,626.9148647319732,295.4818479957797,0.0007262242748786616,17.7623737289631,28572.41359041562,146.1774580238453,154.64395480729715,2.5125678785085164
5000,72,0,0.0,-0.0008213506234197769,nan,0.04753857637337823,0.0,-0.16590665724283082,0.2529493037672036,0.08763030998332148,-0.1746729565076915,0.1124334018363418,-0.18959007246567952,2997.9205878855255,834.6309411058594,304.89289075728834,0.002067690348011433,56.128182116783556,44663.343596471634,150.20319525051804,269.5163147550335,1.3900296536436387
5000,72,1,0.0,0.005949949564698123,nan,0.09311854846961778,0.0,0.19771589933156708,0.06007180458808567,-0.42056088550845117,0.16277318158880683,-0.031112121209334452,0.16019488946696178,3005.4673645883577,833.5437800068057,305.1404837776246,0.0020674358994679605,56.128182116783556,45512.76130426286,151.17271324412334,269.2443597898881,1.3806250700490303
5000,72,2,0.0,0.006774579573103931,nan,-0.1571269987743506,0.0,0.28687210816179387,0.020778042760804166,0.03946892891160332,-0.3471190798342044,-0.06675065306266478,-0.13546433363550012,3007.1260634694154,834.364025800752,304.6886338800311,0.0020653099094002335,56.128182116783556,45226.62377748448,151.41215297518994,268.9461535645012,1.3794797505929113
5000,72,3,0.0,0.003351124166101393,nan,0.02928741244499264,0.0,-0.003418141381509296,-0.015281004265936524,-0.020789041365865624,0.03948818701329471,-0.014624165852910473,0.04498125725708145,3008.188162788337,832.8438543192785,305.32935996372146,0.00206447351626993,56.128182116783556,45466.59761142418,152.7019338719336,269.6767118847797,1.3842345497693036
5000,72,4,0.0,0.0014232598965548495,nan,0.10760667227543087,0.0,-0.06212827824028834,0.14341252517055417,0.14937358210583723,-0.230657829036103,0.031104887315577538,0.02465952812346739,3003.5784837810515,835.2398661386621,304.5019059621193,0.0020664100880245805,56.128182116783556,44859.45422101105,153.7621143825903,271.9801838970018,1.3869121390325627
5000,72,5,0.0,-0.003560681661533132,nan,-0.12898193657658544,0.0,-0.09665834165124923,-0.3802682815534403,0.4597285645941467,0.01719805861054287,0.03495420494966799,-0.10475662585641132,3007.0676045178193,836.31511739894,304.9802058199667,0.0020717865788499146,56.128182116783556,45221.87880064057,154.10798032653793,271.2576952014981,1.3938342800854626
5000,72,6,0.0,-0.0024136540173766356,nan,-0.02655856880145719,0.0,0.4620646251199843,-0.11091315103119237,-0.4168383334613916,0.06568685937261377,0.005345322702287898,0.26891246359545745,3002.5859248745064,832.2301006755996,304.9629623111239,0.002070182257898978,56.128182116783556,45184.349651878336,155.1765566265181,273.1178598780987,1.3922411861352453
5000,72,7,0.0,0.0005962602645362876,nan,-0.04819094625380176,0.0,0.15702746109875154,-0.049216653898419366,-0.1642575716859708,0.05644676448565014,0.04839466503380256,-0.14636997013878597,3002.0102161422788,835.8721640795726,304.6222550252591,0.002069370590188418,56.128182116783556,45031.93042315783,155.95479695287472,270.8635473177087,1.3880607496325885
5000,72,8,0.0,0.0003634043754168985,nan,-0.01206454837949497,0.0,-0.27227630100479344,0.16609486273769142,0.005185516186719558,0.10099592208038723,-0.09123935896085027,0.0999324768277849,3005.415565265816,831.2158889945489,304.40536722830564,0.0020674287666932927,56.128182116783556,45189.6035552386,156.8534804879028,269.0516616645558,1.388384160589699
5000,72,9,0.0,-0.005678910044341556,nan,-0.1741151057503438,0.0,-0.38796190863414337,0.21364487895699213,0.07242404078477678,0.10189298889238604,0.07908508696349181,-0.11639465675140552,3004.74271552356,834.0830419081276,305.1457231308176,0.0020700110025782953,56.128182116783556,45115.04788795904,157.3283386359008,270.5330740888747,1.3967762639504744
5000,72,10,0.0,0.0005027634314379184,nan,-0.12522728102137368,0.0,-0.18416285055346113,0.4081764279916914,0.00339437567176383,-0.22740795310998374,-0.06072365361187029,0.13356294848639094,3007.5281512751567,833.7762094021343,304.7774611778652,0.0020686999862208986,56.128182116783556,45034.30405501584,158.25658827845024,271.3203690659425,1.3881906063452252
5000,72,11,0.0,-0.0011996626468961423,nan,0.13717365753384933,0.0,-0.3542347746716769,-0.0891179078723212,0.49804392475930365,-0.054691242215299765,-0.011177939363215511,0.0583117168742945,3004.379069770296,837.2408037649413,305.05301642141956,0.002066735726979899,56.128182116783556,45544.603046829594,159.68167317814675,271.78053422431674,1.390555087009578
5000,72,12,0.0,0.000674251700454918,nan,-0.2200124662731897,0.0,0.05591333619138546,-0.1674950179509086,0.2404389729363246,-0.12885729117681527,-0.09601961029280345,-0.03503888130656732,3008.1192150730794,834.1693064393675,304.0455411055408,0.0020683384180615275,56.128182116783556,44922.07263866639,159.6686171805295,269.3336453960539,1.3879524281938127
5000,72,13,0.0,-0.0014517350654218537,nan,0.12026654924914641,0.0,-0.2550379683460565,-0.24702269977773753,0.10369898535636451,0.39836168276741935,0.010152207507587252,0.1850836509574715,3007.190295616677,830.7095233856747,305.4456938353206,0.0020683538217866095,56.128182116783556,45239.835142457596,161.29395071216453,271.6345074901825,1.3909051875908638
5000,72,14,0.0,-0.0043343626496346295,nan,0.33670927919263116,0.0,0.15821945832189216,0.11831763138015991,0.16010989277435833,-0.4366469824764103,0.06104590288264161,-0.14156575942737684,2999.564793982539,836.0456527816981,304.55116657752313,0.002067570637212038,56.128182116783556,44967.06940775843,162.6112917157089,270.7997468515941,1.3949088370133815
5000,72,15,0.0,-0.005274810072167572,nan,0.002344566282411654,0.0,0.04845754526921364,-0.04729277178558883,0.04689607400729473,-0.04806084749093317,-0.01515629998864204,0.16428645650556586,3004.9140327543005,833.0460564107283,305.25004600770006,0.002069857104722682,56.128182116783556,45085.411913315846,162.6485864807264,272.3819494527529,1.3962150139891216
5000,72,16,0.0,-0.002219617110276439,nan,0.06870156671132055,0.0,0.20897895637948893,-0.1669788749676181,-0.11124207559573505,0.0692419941838799,0.01730092865524479,0.03297426999655205,3004.4104497446556,834.9160658101981,304.3979592114597,0.0020663986680166955,56.128182116783556,45372.587329567,163.56994033993007,270.84572636397564,1.3919716904309396
5000,72,17,0.0,0.002809654356436465,nan,0.08458958165109345,0.0,0.3719288373539362,-0.19497168575706542,-0.2318228705927643,0.05486571899590497,0.047811873832600764,-0.009099808024665597,3001.984908268114,833.9595615555693,304.65102054544707,0.0020686484355611702,56.128182116783556,45181.68531826323,164.43293892975882,269.1206344805853,1.384986591171616
5000,72,18,0.0,-0.004624935019238912,nan,-0.06524597936623422,0.0,-0.22331252255434267,0.35566251727572334,-0.0901558790148196,-0.042194115706563104,-0.04473047622550962,-0.038861234069644326,3004.3683411963707,833.4811614635373,304.60025909605866,0.002067899091694476,56.128182116783556,45272.197976287214,164.86296048290203,271.258712552759,1.395312409748943
5000,72,19,0.0,0.0037547469619912278,nan,-0.07399538379443271,0.0,0.3126715919514915,-0.22753076561980223,-0.18702228783259822,0.10188146150091869,-0.0369932893394203,-0.03977160585666908,3003.0401557679334,833.367937603884,304.0666451580697,0.0020702174455285195,56.128182116783556,45061.35674100536,165.6603547521498,269.31208071580903,1.3836739625527898
5000,72,20,0.0,0.003333193826744908,nan,-0.012476754155670514,0.0,0.2256273972948131,-0.2868408631457112,-0.3662322222802726,0.4274456881311611,0.014685347768281995,-0.15846837713461848,3001.5952465102073,832.873986715076,304.77137106273483,0.0020622451551744383,56.128182116783556,45288.738869314504,166.50276558100305,269.79823282561654,1.3842594530184098
5000,72,21,0.0,-0.0026570068628960506,nan,0.02920664272094732,0.0,-0.24554044104374187,0.2467702944789163,0.17736793567635067,-0.17859778911153462,0.00559272549828686,-0.10828237144546844,3007.017905072269,831.2191601269551,304.68612459521415,0.0020677605331564093,56.128182116783556,45231.54021406555,167.44937864314753,269.47571740101364,1.3925791761984667
5000,72,22,0.0,-0.001685813534760489,nan,-0.226663314300288,0.0,0.0596462972864661,-0.017411873773264423,0.3382919933211734,-0.3805264168343713,-0.0023640661236033326,-0.059077188334148815,3003.389790027836,830.7002033475687,304.29621235276153,0.0020681480972775377,56.128182116783556,45318.5435144225,167.62470660134684,269.49725914482883,1.3912302965760563
5000,72,23,0.0,-0.0016075864073169478,nan,0.11057660725271191,0.0,0.48486482691936905,-0.4703369114297338,0.06353016582975222,-0.07805808131940078,0.0479002651330682,-0.23103335887444232,2999.700030108607,833.1761429193696,304.2195097708818,0.0020684813266198254,56.128182116783556,45172.33503097328,169.20779256954995,270.08511693144584,1.3911216477879402
5000,72,24,0.0,0.000303513676227116,nan,-0.017330851868300502,0.0,-0.07654626605118615,-0.23388634985638834,0.365549200738231,-0.05511658483065464,0.025170403301335756,0.26600017538622234,3000.482824094654,832.9740762638181,304.38790922397203,0.0020710109026472493,56.128182116783556,45210.669339452754,169.70490106754607,272.42610886346597,1.3884673421163514
5000,72,25,0.0,-0.004978016473712323,nan,-0.012354405972821683,0.0,-0.01021965961490895,-0.14711459459662685,-0.09329527505289274,0.2506295292644227,0.06305072267647828,-0.049799823943005445,3008.026659253341,834.6885310711829,305.05005841781036,0.0020673187987265574,56.128182116783556,45454.636090890264,170.4430392428963,270.2590233980276,1.3958028006579337
5000,72,26,0.0,-0.0018116294665756168,nan,-0.05154834618792886,0.0,0.11761400658806782,-0.09615489594654614,0.28207012870031284,-0.3035292393418403,-0.0046088482069538295,-0.432887187551582,3005.1899340444593,833.2177544946755,305.2213086314275,0.0020697475421789795,56.128182116783556,45124.444453778124,171.1427352473032,269.8886939726138,1.3914050409257994
5000,72,27,0.0,0.002327192134306231,nan,-0.05480070740806228,0.0,0.045215362387119096,0.24167320903419853,-0.23290969201769562,-0.053978879403614566,-0.01505970020557661,0.3182347477216005,3003.20347530795,838.0319954276005,304.9746950727701,0.0020700652522305067,56.128182116783556,45475.051656757314,171.89999743143886,270.80604543483906,1.3856566775912416
5000,72,28,0.0,0.0023023512687996017,nan,-0.010238643790910645,0.0,0.09074341705584307,0.12461762891137718,-0.05661910451116397,-0.15874194145604892,0.07783682529269748,-0.2305992733540053,3004.2449503066687,832.8112241046476,304.9420108383331,0.0020666510045931653,56.128182116783556,45272.96684268285,172.72445492915912,270.1887366546203,1.385691178793334
5000,72,29,0.0,0.0025751444762756623,nan,-0.14553883563854852,0.0,0.08781805643834688,-0.10289548582920585,-0.07777759079208871,0.09285502018294031,0.028171541021439636,0.18834551740037925,3005.0858452241278,832.2044571783654,304.7089623049144,0.0020711323248106027,56.128182116783556,44773.82922461485,173.20787615184122,271.5200887865395,1.385312299338506
5000,100,0,0.0,0.008238159511717505,nan,0.0123347971927877,0.0,0.17204391474414635,0.0033302674859624765,0.14402236485724662,-0.31939654708734266,-0.012915381355464708,-0.3671294719925032,3634.874061030811,1033.2131840449906,315.6752657328247,0.004202896387706465,117.5386572485387,66058.267754609,162.86677966242777,366.28456261065617,0.9917618404882825
5000,100,1,0.0,0.0037032714520979265,nan,0.18667264272617803,0.0,0.13128334876598804,-0.28469087848188845,-0.17568161666715368,0.3290891463830435,-0.025794189939356678,-0.017357004269924932,3635.1937814967823,1035.5057603020496,315.59147469489164,0.0042069960633222565,117.5386572485387,66058.5794456584,165.29988613164898,367.3723829273853,0.9962967285479022
5000,100,2,0.0,0.00405267034957949,nan,-0.0769728636349622,0.0,-0.40043199186302125,0.27329764022984676,0.023088284740067827,0.1040460668931116,-0.011083873363655376,0.012373597258928185,3637.9405744183105,1037.1107249345825,315.8707776008288,0.00420761954344731,117.5386572485387,66233.74106476126,166.66081300764756,366.968336155396,0.9959473296504207
5000,100,3,0.0,0.006285049231048866,nan,-0.03451306712762583,0.0,-0.05285239424285551,-0.2879006773512096,0.0995791202196492,0.2411739513744235,-0.028522828555508438,0.1169091075224496,3633.2153063292917,1035.913792701394,315.8093812688975,0.004203234536762228,117.5386572485387,66290.65580664143,168.7125682731352,368.2522957577007,0.9937149507689512
5000,100,4,0.0,0.008303231850233891,nan,-0.115392213315304,0.0,0.28292933305546714,0.03361445011998486,0.1584531874069056,-0.47499697058235535,-0.048833911599622866,0.11214024433826034,3634.435535085976,1033.9044500144485,315.891809354285,0.00420360304851306,117.5386572485387,65995.67990084049,170.48800230468032,367.27331807978817,0.9916967681497662
5000,100,5,0.0,-0.008297531254516599,nan,0.01244710940839203,0.0,0.15679725977730213,0.18364754725095375,-0.1998469196016236,-0.1405978874266298,0.040606290494334125,-0.07373414369222786,3632.8585579919886,1037.1852568661527,315.99562331866036,0.004206027920689441,117.5386572485387,65816.3849735399,172.76249829615728,366.41591369650064,1.0082975312545166
5000,100,6,0.0,-0.004204648409318032,nan,0.150486344893566,0.0,0.4459081656164693,-0.2740004963133419,-0.20848524328217063,0.03657757397904564,0.015447003725042832,0.12237775118583288,3641.0452119810666,1033.3658376120068,315.284853771149,0.004200029696942131,117.5386572485387,66057.67193730624,175.0040857640886,367.3560239411089,1.0042046484093181
5000,100,7,0.0,0.004844843707388249,nan,0.12446331458355177,0.0,0.12589645996017548,-0.005878613970410916,0.0952217850173793,-0.21523963100713664,-0.03129952380196629,0.047141264782581474,3634.488282765393,1033.443554473756,315.3539844984927,0.004205452280885014,117.5386572485387,66036.34221547388,176.9102925594688,366.7812911398614,0.9951551562926118
5000,100,8,0.0,-0.015266677715485517,nan,-0.020585759649180038,0.0,0.2014411269186995,-0.07909393509276606,0.1054801240442365,-0.22782731587015304,0.06193957411645691,0.123583383402028,3636.902810418538,1033.210031354728,315.74873130270254,0.004202645515788041,117.5386572485387,66167.28975425729,178.47709911796196,366.80055836086433,1.0152666777154855
5000,100,9,0.0,-0.005313833285507737,nan,-0.0712161693294793,0.0,-0.5193951227601076,0.36828327393649346,-0.19291587584500913,0.3440277246686303,-0.1089431006262316,-0.13182027175909414,3637.571087702987,1032.2822803876797,315.0897567610127,0.0042053546752945726,117.5386572485387,66066.52258269786,180.2906030944615,365.7587221863506,1.0053138332855078
5000,100,10,0.0,-0.00246198717145687,nan,0.17878182848473775,0.0,0.0003894165312334774,0.2676020831387522,-0.25873340073194967,-0.00925809893803603,0.0607982482382954,-0.15707400753841766,3637.639952867744,1034.3800881837042,315.0620657613607,0.004204365168022164,117.5386572485387,65642.5404073561,182.7896358577632,366.55273303315664,1.0024619871714568
5000,100,11,0.0,0.0013978007064631194,nan,0.20936323911481938,0.0,0.5073698652396913,-0.17508818168814036,-0.15771222778817823,-0.17456945576336777,-0.0021411244406004627,-0.07869491776529965,3643.4369219520386,1033.4216505436677,316.3854094883207,0.004201779126934682,117.5386572485387,66563.11993474592,184.74794621091627,366.3647427949157,0.998602199293537
5000,100,12,0.0,-0.0019002601147850122,nan,0.20367318372355486,0.0,-0.05085144612234689,-0.1266027076370739,-0.017087164891581463,0.19454131865099736,0.03190483861992666,-0.09020790303402387,3640.3833203383356,1037.9514586540693,316.848379570347,0.004205660006666269,117.5386572485387,66070.33722059273,186.64730861947945,365.59368501573994,1.001900260114785
5000,100,13,0.0,0.008768891185901812,nan,0.15513182388264612,0.0,-0.030881629106336725,0.09624011819875636,-0.07146705580541948,0.006108566712993049,0.045442421250951104,0.31654082831508973,3635.402460479145,1036.6820356764604,315.723810700048,0.004201731230103717,117.5386572485387,65755.1877883712,188.3912418885606,367.02122221573586,0.9912311088140983
5000,100,14,0.0,-0.005050884174479986,nan,0.1850460433962484,0.0,0.07770476130413079,0.020134925494259423,0.24119196689929254,-0.339031653697676,0.07719135702683062,0.24390847003888305,3635.221836376641,1035.8281753744202,315.4480680091877,0.0042051106167734584,117.5386572485387,66211.12665323344,190.3542406237061,367.7428245748869,1.00505088417448
5000,100,15,0.0,0.0008325659507169084,nan,0.21457286364113085,0.0,-0.03966278655749325,-0.01124780804082244,-0.310817143575102,0.3617277381734243,0.02023753900896022,-0.1660356932129641,3637.6752067268517,1034.264074344704,315.9297641859932,0.004203104753608704,117.5386572485387,66082.09768381703,192.27673481775457,367.4082196218095,0.9991674340492832
5000,100,16,0.0,0.00592482432081392,nan,0.05303392857409161,0.0,-0.17258356105019537,0.08894328446876772,-0.04866800155392151,0.13230827813536067,0.006100523222748864,0.3330014345544466,3638.3672098428947,1035.7604371080042,315.8259056917194,0.004206773745990999,117.5386572485387,65850.84460508716,193.76741458739923,366.5918822422337,0.994075175679186
5000,100,17,0.0,0.004407555917536327,nan,-0.12307991531456455,0.0,-0.11904768647841667,-0.32922921823388346,0.06620872449928819,0.3820681802130217,0.1881205002358276,0.15442191638957367,3639.7059042556666,1037.4743450151343,314.99172205553526,0.004202285652037574,117.5386572485387,66317.35633486079,195.16819878293404,367.2744142235057,0.9955924440824637
5000,100,18,0.0,0.004703858593083019,nan,-0.029668673746434882,0.0,0.159369782997699,0.09610070176994295,-0.30125942305609565,0.045788938288456885,0.04183274461605588,-0.12912180370993706,3639.072012403774,1038.1814589301734,315.38715586587847,0.004202337303417917,117.5386572485387,66363.88533524044,197.22747181989558,366.4050178921761,0.995296141406917
5000,100,19,0.0,0.0008764896253698386,nan,-0.12385516363169691,0.0,-0.028238570559125688,0.24483103953027702,-0.2542418921311176,0.03764942315995494,0.04337149664601571,0.10477156798858488,3640.285428250651,1034.1349922683592,315.51323921807415,0.004204995532953844,117.5386572485387,65954.85437730819,198.84594037853296,367.922438631624,0.9991235103746302
5000,100,20,0.0,-0.005286206538711502,nan,0.24410245823088658,0.0,-0.14628077878823648,0.117928555196705,0.045924366999559756,-0.017572143408029692,0.01131746520235646,-0.08746211015658159,3642.180750530118,1034.1087542698738,316.3630899624578,0.004205248193714378,117.5386572485387,66400.76713007214,201.54226426799,365.9780903083206,1.0052862065387116
5000,100,21,0.0,-0.0033074977296438934,nan,-0.08152037782599017,0.0,0.4812130715872287,-0.314118324607638,-0.19420193532875663,0.02710718834916444,0.010033054256657906,-0.1671840984930334,3637.588814769921,1037.7223889830054,315.4626734685579,0.004203293455452891,117.5386572485387,66280.82562855675,202.56588369637268,367.1021939016847,1.003307497729644
5000,100,22,0.0,0.005443785112748756,nan,-0.15162492902302888,0.0,-0.007821484295904053,0.14659264285351725,-0.10901404857590173,-0.029757109981700315,-0.06887794439100205,-0.03878780335885304,3637.553631779664,1036.6277949517455,315.54530337561675,0.004203163130216703,117.5386572485387,66298.28889673579,204.19943570265792,368.40862713479083,0.9945562148872513
5000,100,23,0.0,-0.002355404004783688,nan,-0.13313694565064682,0.0,-0.20677065027783872,0.01890591850412163,0.0600315911385797,0.1278331406351472,-0.028615808415518605,-0.07074581081634004,3637.321517009008,1035.1751115284535,316.0613854391664,0.004204713324199185,117.5386572485387,66230.23605538707,206.04470560466967,366.6022632927707,1.0023554040047837
5000,100,24,0.0,-0.005852287691200051,nan,-0.0768232443666155,0.0,0.12194165605789108,-0.004814739622350073,0.07030601103988776,-0.1874329274754349,0.030677729789569327,0.09299409478064152,3638.747211743968,1038.831383710072,316.4198634969416,0.0042036510782120125,117.5386572485387,65881.16444142481,207.95654794982076,367.27326135822074,1.0058522876912002
5000,100,25,0.0,0.00010965478541074584,nan,0.021745530856303995,0.0,0.22625715081600778,-0.04380647729777464,-0.273401917428396,0.09095124391016168,0.0477191707191383,-0.07940975706792179,3628.0897197732793,1034.8109836567264,315.5613717689809,0.004204144600641321,117.5386572485387,66224.0010599732,209.96915885306035,366.06361994170754,0.9998903452145893
5000,100,26,0.0,-0.00020719027901073555,nan,0.06214775268781877,0.0,-0.30562101062629704,-0.19721638258732554,-0.08232989201743275,0.5851672852310493,0.07738350240432906,0.2437565403688569,3639.2626202852503,1036.4141599521154,316.9694780350435,0.00420670805080236,117.5386572485387,66344.77976476325,211.84639324349905,366.7475535109644,1.0002071902790108
5000,100,27,0.0,0.002042951599936199,nan,0.055341686628678825,0.0,0.2068632683369993,-0.07318968553522745,-0.2963605440564097,0.16268696125464877,0.010274931347265242,-0.07271044910415389,3645.1744901441434,1034.9236128965363,315.2364634529453,0.004204600841385236,117.5386572485387,65901.28248767325,213.5762066739761,367.8180349789901,0.9979570484000638
5000,100,28,0.0,-0.003075878636717379,nan,-0.20229186939691401,0.0,0.3201746083772244,-0.3657614342820156,0.14083588183791146,-0.09524905593313711,0.05126114375998862,-0.27092361938865844,3637.978247364182,1028.0937477727505,315.24051446223336,0.00420103942784995,117.5386572485387,66033.57175484927,214.69205040641134,367.7284528963387,1.0030758786367173
5000,100,29,0.0,0.004439362172236221,nan,0.05779073825332285,0.0,0.02535417527810288,-0.010717109528797682,0.05068272354755251,-0.06531978929686261,0.059778992771556905,-0.1841023184041935,3635.818959220211,1034.0025893718368,315.09822068820046,0.004202687547370516,117.5386572485387,65578.0502291828,217.06157366239142,365.65156233979485,0.9955606378277638
11000,40,0,0.0,-0.0009717069247993222,nan,-0.012441755039847542,0.0,0.027153899045323143,-0.18255884944345732,0.08880367028706332,0.06660128011108518,-0.05850949812318886,-0.05254792889958393,2459.912299296081,498.98436324174776,283.0954055091436,0.000598780200414606,13.881994611273079,28128.278454124287,141.15316669254145,142.88704905830582,2.502429267311998
11000,40,1,0.0,0.002388338146041205,nan,-0.023966981273685347,0.0,-0.03554269872179243,-0.10761753053621685,-0.3828445506010503,0.526004779859034,-0.03740152937059992,-0.13546167255693428,2463.8119132729753,500.11487843261926,283.07052980718936,0.0006003487109655646,13.881994611273079,28417.561625974533,141.27411690876625,142.98016895012432,2.4940291546348967
11000,40,2,0.0,-0.0022745911536154835,nan,-0.017052016089575933,0.0,0.037014658673782896,0.29851839727039675,-0.22612760495827233,-0.10940545098589077,-0.10650602865156653,0.021641186982448782,2459.8204465018835,502.87442373109303,283.5120871598162,0.0006002646831665215,13.881994611273079,28133.853750993174,141.37275266020998,143.1234234080779,2.505686477884039
11000,40,3,0.0,0.0002742955217154695,nan,-0.11723002972647224,0.0,0.27190148606280884,-0.20035027044950177,-0.4460394730090441,0.3744882573957461,-0.03749132411086059,0.028787026989584852,2455.1928119952886,498.6804310940109,283.60041346031704,0.0006006356608093961,13.881994611273079,28426.140904277938,141.23410842394057,144.8726776430904,2.4993142611957113
11000,40,4,0.0,-0.000614971408832994,nan,-0.16534352226385848,0.0,0.060966780785711605,0.3323511373630257,-0.12824658865001243,-0.26507132949872114,0.009239640225477314,0.08641887310096574,2462.354532863969,498.00877559578197,282.8286418008978,0.0005997322253187014,13.881994611273079,28162.718267326323,141.168268371018,142.862989967851,2.5015374285220826
11000,40,5,0.0,0.0009870345814754946,nan,-0.054345070336005954,0.0,-0.3890359709876712,-0.06984604063666958,0.10216656017888573,0.356715451445455,0.042573238328869896,-0.20726668239884083,2457.9875574335647,500.7694167057998,283.5382125082118,0.000596982135922568,13.881994611273079,28238.252911723324,141.40732308299965,142.9683603519897,2.497532413546311
11000,40,6,0.0,-0.00025658187591222944,nan,-0.11638395851327765,0.0,0.036319901476444955,0.014128329877291342,-0.25047098070372287,0.20002274934999037,-0.08365434136492489,-0.11946542622354485,2462.893805267281,498.14603550659854,282.9906989350957,0.0005989058051857005,13.881994611273079,28470.020338669714,141.42008130386174,144.46848510890018,2.5006414546897804
11000,40,7,0.0,0.0035491052717180178,nan,-0.14997483092420044,0.0,-0.12833468380262464,-0.079110519458451,-0.2073051960004335,0.4147503992614926,-0.015981444596368362,-0.14409336805175357,2460.0763599579263,501.12741010964794,283.4848736622117,0.0005976308627625575,13.881994611273079,28365.161425547118,141.37279963416793,145.48136123175468,2.4911272368207045
11000,40,8,0.0,-0.005130148805141855,nan,-0.11826730898385504,0.0,-0.33641112414090313,0.15990666509974755,0.10470589009154874,0.071798568949585,-0.0011604753277703712,0.09935498380325064,2459.0890240821664,497.1799655262462,282.83355437946426,0.0005958935760182085,13.881994611273079,28265.07677064924,141.46217534363302,143.73532801060506,2.5128253720128546
11000,40,9,0.0,-0.0015407872003186593,nan,-0.15978147431980314,0.0,0.33294260772447903,-0.03512800657127682,0.12029662178087752,-0.4181112229340782,-0.009915216918809469,0.10689883656205552,2460.419886514182,502.3861527506288,282.8007663372088,0.0005991422602441601,13.881994611273079,28537.24693078817,141.57534887677917,144.92520597591172,2.5038519680007965
11000,40,10,0.0,-0.00010889768281453524,nan,0.20694571358258299,0.0,0.016244191351913045,0.032746986757126464,0.2536064928558929,-0.3025976709649451,-0.013266689478955818,0.14110487859600152,2461.092841596415,496.61304324566004,282.58960361595183,0.0005955292775106303,13.881994611273079,27860.734200929386,142.38689789575426,144.3671324849093,2.500272244207036
11000,40,11,0.0,0.0010142197236259756,nan,-0.14934579903310674,0.0,0.008771904401340307,0.004370402480244617,-0.13340816815727116,0.12026586127567723,-0.06903806334041786,-0.16657827153348392,2461.388887730028,502.39573788653803,282.9533956417863,0.0005979800943792941,13.881994611273079,27983.060602747028,141.7180312909112,144.30531967894836,2.497464450690935
11000,40,12,0.0,-0.0012970088863781394,nan,0.10077484515620588,0.0,-0.3591154080795771,0.2629608261081352,0.015592029028374059,0.08056255294307683,-0.004673158620318831,0.09715476120028002,2459.0747745456524,499.71820772991964,283.14094440595403,0.0005972800021943107,13.881994611273079,28452.427249367393,142.36713914627248,144.01504136012514,2.5032425222159453
11000,40,13,0.0,-0.0015979540540259278,nan,-0.04350735618925555,0.0,0.44494092513157535,-0.06641482785430493,-0.1890752303021358,-0.18945086697514216,-0.053816021036211664,0.0527911322596062,2456.6317001271036,501.37140601214065,283.84900092582126,0.000598954257392941,13.881994611273079,28346.144276846615,142.17134246796874,142.8500866274211,2.503994885135065
11000,40,14,0.0,0.0008290340915935568,nan,-0.0587518071453746,0.0,-0.5150450174529152,-0.002280961129484782,0.24166967121434207,0.27565630736804514,0.16576875570650473,0.1496847535129285,2459.740408354395,497.7891728546521,283.46114113308636,0.0006007850028755033,13.881994611273079,28161.577734567,142.28861674742203,144.47433245699258,2.497927414771016
11000,40,15,0.0,0.001044064326553612,nan,-0.07038987537882783,0.0,-0.09317894982614941,-0.5511247899317628,0.48730423013076585,0.15699950962715692,-0.013606250930429772,-0.006509004127743662,2460.633765368276,499.1072103879425,283.47214796993416,0.0005947170203223822,13.881994611273079,28402.523746557526,142.09956447666687,144.92361366217617,2.497389839183616
11000,40,16,0.0,0.003957790685045362,nan,-0.05260502047291103,0.0,0.6398976286957414,-0.220109970292778,-0.06576647104345819,-0.3540211873595052,-0.044795393528156785,-0.19175560449491316,2456.76867950564,500.84267263379456,283.5109170311019,0.0005979843269182982,13.881994611273079,28397.900960054914,142.35190231915655,144.0496402437763,2.4901055232873865
11000,40,17,0.0,0.00022522598596456033,nan,-0.01687529097478125,0.0,-0.6444597266449523,-0.10932406398452385,0.6226321559537294,0.13115163467574537,0.12319209777101485,-0.10810850425297586,2459.4271209806307,496.64117179949085,283.5843799485869,0.0005950608207560902,13.881994611273079,28278.992194342667,142.40006468467465,143.2401362679928,2.4994369350350882
11000,40,18,0.0,0.0036217452530610188,nan,0.008855992127676154,0.0,0.711896784808853,-0.3978402012617661,-0.1562762790759042,-0.15778030447117902,0.012693905427419144,-0.15728250642979483,2460.14101828899,497.37440572667236,283.19587132675525,0.0005981552719229362,13.881994611273079,28522.15891224635,142.6636666354514,141.89921937611524,2.4909456368673473
11000,40,19,0.0,-0.00199764263061306,nan,-0.09041814986207822,0.0,0.17350050330170202,0.19985089892001986,-0.5052044937677714,0.13185309154603533,0.008260363605656655,0.24753505534017547,2459.5015097231408,501.81540317271856,283.13861476710645,0.0005993644672225336,13.881994611273079,27967.310370034065,142.55418334091027,144.455852733128,2.5049941065765324
11000,40,20,0.0,0.0021275573513140477,nan,0.13810050053040257,0.0,0.023778365651906108,-0.077266723026431,0.061082105048008484,-0.0075937476734873055,-0.09801591188938666,0.06430450957756913,2457.7435810747106,500.6384166156808,283.52012103219107,0.0005961489364115809,13.881994611273079,28056.390364471565,143.04858768215854,142.55984298423016,2.4946811066217145
11000,40,21,0.0,-0.0008080157803378247,nan,0.047057426889386744,0.0,-0.5005225584633949,-0.006416881966605975,0.0008298502294193655,0.5061095902005918,0.04134336219984425,0.13181546868894806,2457.2078510527863,500.8932392465251,283.0375565870775,0.0005968480900182891,13.881994611273079,28369.758712338175,142.93763087444788,143.82991382764357,2.5020200394508447
11000,40,22,0.0,0.003629692816924647,nan,0.02528305193328001,0.0,-0.1110007321784004,-0.3540957296941978,0.016773345075320502,0.44832311679727244,-0.13124460379549588,-0.06929301212897261,2461.3122594593506,500.5882898952718,282.6749415865924,0.0005969963380920273,13.881994611273079,27996.146731303354,142.96928473427266,145.85971784883736,2.490925767957688
11000,40,23,0.0,0.0025732622828768654,nan,-0.23228182342446765,0.0,0.2020907624561481,0.33182484360886233,-0.1254461077897998,-0.408469498275221,-0.002352212159931735,-0.25241218703756896,2457.1596089409045,499.9809750427192,283.0073498628929,0.0005959487451280172,13.881994611273079,28117.857333268945,142.39153877688034,143.72239951020538,2.4935668442928076
11000,40,24,0.0,0.002769898888394789,nan,0.06055628771880777,0.0,-0.22231127125012384,-0.03502889978572757,0.2273583973283858,0.029981773707474593,-0.047781318015437724,0.08163683480122731,2458.115211772485,500.32272807810637,282.9167125927677,0.0005971843890596006,13.881994611273079,28134.230089139495,143.2148185926145,144.6965729587371,2.493075252779013
11000,40,25,0.0,-0.004413852371387736,nan,0.01883879327693302,0.0,-0.007857671448083609,0.4374433402616551,0.11777000953498573,-0.5473556783485699,0.0322454455771268,-0.0957407299934953,2459.744804157124,498.7643690373919,282.3106273631038,0.0005992400171820166,13.881994611273079,28028.725041990543,143.27381600558834,144.40465476379697,2.511034630928469
11000,40,26,0.0,-0.00010392469556530847,nan,0.22548907445262903,0.0,-0.1774248978186015,0.08227499697594821,0.10124973307699026,-0.006099832234340685,0.07002187773658423,0.08006720339332779,2460.8338481777782,499.5267479963027,283.2620495232587,0.000596342488820138,13.881994611273079,28747.648035996597,143.72656311017425,145.45859420239475,2.500259811738913
11000,40,27,0.0,-0.0009271916071882764,nan,0.11927933224289035,0.0,0.3271336328494514,0.08254871251015385,-0.47539622338862986,0.06571387802900308,-0.013339386813310879,-0.09893375724841169,2457.579958769023,501.34339055482576,283.13003064034467,0.0005971708904914734,13.881994611273079,29019.838600025378,143.58240034756258,142.8095573488307,2.5023179790179704
11000,40,28,0.0,0.005676336434036405,nan,-0.0673686395967624,0.0,0.28221793394865863,0.10259007060303105,0.23654015725649769,-0.6213481618081963,-0.04666091041908729,-0.20801793925164225,2462.102501210531,500.8884549961479,282.6606949601906,0.0006005058925946013,13.881994611273079,28242.239599605626,143.34616185732662,142.46759272206955,2.485809158914909
11000,40,29,0.0,0.0037493305166104596,nan,-0.030388523806009843,0.0,0.5580591034076056,0.15054601988508481,-0.5360408187799496,-0.17256430451274576,0.03230854778592227,-0.037782114559048695,2460.178416473044,501.168117234991,282.95691213585945,0.0005987634939026075,13.881994611273079,28286.167187879208,143.4398270849353,144.49624720986884,2.4906266737084737
11000,72,0,0.0,-0.00275639497019663,nan,-0.09426956297399594,0.0,-0.061225261807513864,-0.02103315330332746,-0.07177872699683752,0.154037142107705,-0.03183030508460256,-0.07764568201243403,2989.6068014643024,668.7242227308149,292.46390057025826,0.0017123921068543484,45.46752337494209,44987.48572424682,147.7028332114214,257.21265073897496,1.392717215236384
11000,72,1,0.0,-0.0031683088671645627,nan,-0.04952536044697515,0.0,0.2328129723744219,-0.4553841852891735,0.2362424770128743,-0.013671264098122471,-0.034814550911491514,0.061676721231216786,2993.4081621140417,669.8781192895872,293.4126010258283,0.0017155078289719722,45.46752337494209,44909.0824185439,148.52815293844756,257.89361529225084,1.393289317871062
11000,72,2,0.0,0.001977829073984327,nan,-0.029346851936109364,0.0,-0.1054490530506791,0.39117061495234473,-0.20643727333438308,-0.07928428856726215,-0.005942225053738001,0.11745329306851279,2980.050461447595,670.6393702006453,292.20906578622726,0.001713695298908054,45.46752337494209,44895.03971920332,149.22317687426337,258.9536943389309,1.386141904063911
11000,72,3,0.0,-0.011702243185119183,nan,0.13948304251830881,0.0,-0.1690549177483817,0.1584299347988646,-0.05054753638186686,0.06117251933137277,0.1528509202089484,0.16625625829400809,2989.359471084067,674.769471911124,291.7420189644456,0.0017115520610577499,45.46752337494209,45081.20871247044,150.26427426940955,260.75865576903203,1.4051420044237766
11000,72,4,0.0,-0.004232553911764202,nan,0.1138890629733201,0.0,0.20570228647429412,0.022048825704009838,-0.09953861741059405,-0.12821249476769558,-0.029984747230698165,0.06403144633657223,2987.7170636309047,670.6962316324058,291.9511995266623,0.001708357410741153,45.46752337494209,45230.32521557557,150.8245932227147,258.35303083726166,1.3947674359885616
11000,72,5,0.0,-0.0031363044555553325,nan,-0.04165710283949289,0.0,0.007869912707209825,0.09179427030358599,0.030075982580252625,-0.12974016559104032,0.03212563196447374,0.40946329635156514,2983.4319559727464,668.3489598624501,292.5676273242978,0.0017114709274362997,45.46752337494209,45097.81279615279,151.15999306571132,256.8380887645657,1.3932448672993825
11000,72,6,0.0,0.0033039799711596547,nan,-0.010876124606342042,0.0,0.11625552100760003,0.016091056839860632,-0.30959481783218856,0.17724823998474218,0.008168723920631123,-0.030240395492063775,2986.837684021932,670.6999038700609,291.93745233519513,0.001710862285587149,45.46752337494209,45043.62059990446,151.88405749154745,259.8206518567044,1.384300027817834
11000,72,7,0.0,0.001222005042770344,nan,-0.11597016551007247,0.0,0.13092754049683752,0.15683040005040141,-0.04708515686030401,-0.24067278368692946,0.09238863005388506,0.008736834311595387,2983.8331633895023,672.7014954156607,292.8429889124228,0.0017115487452075936,45.46752337494209,44766.6850267294,152.2994222280296,258.0885622106364,1.3871916596628189
11000,72,8,0.0,0.0004203985419931298,nan,0.03138318323261661,0.0,-0.21505876991619288,-0.00869402817572465,0.19213080149074493,0.03162199660118625,0.0070668627976072556,-0.13487112096963969,2993.814890543199,668.0372082416687,291.62403204518415,0.0017117354417191285,45.46752337494209,45109.22018475133,153.30572122128532,257.41510858974857,1.3883050020250094
11000,72,9,0.0,-0.0070902324172094225,nan,0.0409558840220103,0.0,0.30408263506714833,-0.18491353863495436,0.1088431182579927,-0.22801221469020672,0.018517340559851495,0.13929198644280444,2984.773961543947,669.1058842914822,293.1647630647739,0.0017115234879719506,45.46752337494209,45140.80944905842,153.9752615620233,257.0513471647379,1.3987364339127908
11000,72,10,0.0,0.010735175393767787,nan,0.015744310879986248,0.0,0.23681373253517043,0.38219612715573725,-0.33410980750839026,-0.28490005218252223,0.0461681957140539,-0.0909294715165683,2990.9939269056263,669.7167285508152,292.5235750286369,0.0017083203047128961,45.46752337494209,44650.92031793582,154.51723662022178,258.6598691093406,1.3739789230642114
11000,72,11,0.0,-0.00430995514693122,nan,0.1560015901471791,0.0,0.27316446634312996,0.05874073620138723,-0.02700750774388308,-0.3048976948006341,0.045444109623844195,0.03032403974872283,2993.0707083803436,672.9068934197355,292.12264297748266,0.0017068861104305982,45.46752337494209,45112.42559562779,155.47464866511993,257.7941818030904,1.3948749377040712
11000,72,12,0.0,0.00020247651219399527,nan,-0.041707259514038926,0.0,0.00135545198796664,0.09611874126556123,0.05429371263800546,-0.15176790589153688,0.003998278625489336,0.3080160114885963,2986.425776721621,665.942461128026,292.1870148647755,0.0017088488194346772,45.46752337494209,45214.8653664206,155.67149535652112,258.25311415424306,1.3886076715108417
11000,72,13,0.0,0.002898112124725684,nan,-0.08450210505810782,0.0,0.10834296477756125,0.024294320158961324,0.2594085590417889,-0.3920458439782974,0.040178786958303465,0.01867704978677616,2986.598839803689,667.4890388250865,292.2204989273664,0.0017112731653690144,45.46752337494209,45093.08435942211,156.24049922673623,258.5773018991419,1.3848637331601032
11000,72,14,0.0,-0.009767686321356618,nan,-0.16539916289941928,0.0,0.08411920397617764,0.1851842841446506,-0.08156187333803765,-0.18774161478279805,-0.02631446931482968,-0.11482785778481705,2985.397311897305,665.1494745953158,291.5399837652683,0.0017098733627415885,45.46752337494209,45149.28035640527,156.66251637026525,256.3453285358264,1.402455119890773
11000,72,15,0.0,0.002083146259265106,nan,0.24929099453248868,0.0,-0.0072382434419761485,0.3794640401328787,-0.27645089530935646,-0.09577490138154388,-0.09148177406189822,0.037520632263223566,2995.124860658296,670.3616957463015,291.58713005942957,0.0017120135604237017,45.46752337494209,44929.46544043967,158.31065400734735,260.1068889980703,1.385995630195465
11000,72,16,0.0,0.010924736042129679,nan,-0.0743870857137556,0.0,0.10390359873288163,0.27057876825153315,-0.33488471918478857,-0.039597647799623936,-0.023178212887111364,-0.16351464587610434,2988.2918901332378,670.5795147333508,292.50869280941754,0.0017147067795854115,45.46752337494209,45180.02993593138,158.20540205675752,259.9073626105596,1.373715644385931
11000,72,17,0.0,-0.0013623538573673904,nan,0.05552045516536599,0.0,-0.22956512993128828,0.2307322804118755,-0.3728976658375516,0.37173051535697615,-0.029644974100109425,0.19580002640891922,2986.0968857589305,671.6068693229919,292.2415929448653,0.00171062242451707,45.46752337494209,45440.70112551539,159.08282419178317,259.35435129539366,1.3907810470241215
11000,72,18,0.0,0.0022960811760990942,nan,-0.17956378820063237,0.0,-0.1025274167238714,-0.12961288861499579,0.0834036693503423,0.14873663598852493,0.005471793290138164,0.2212355740236563,2986.9820061014393,669.0554559273786,292.48268332078624,0.0017123597543046393,45.46752337494209,45235.25887973601,159.16914198071157,259.1536679379889,1.3856998872554178
11000,72,19,0.0,-0.00010202714500106457,nan,-0.010287697477555119,0.0,0.582034961423739,-0.42806145201583135,0.07920202627694042,-0.23317553568485178,-0.046193531396353266,0.34060499956556634,2989.496603876662,670.5125435756212,292.027038392277,0.0017131824562135085,45.46752337494209,45029.93793817046,160.20248821167436,258.91315484789124,1.3890305932569458
11000,72,20,0.0,0.005641769648285067,nan,-0.011046959850514348,0.0,-0.08898559606482526,0.3054659723064102,0.07925837882306573,-0.29573875506464864,0.04407959402924716,-0.09365228089697648,2988.989510191723,667.0064419999409,291.68250782903345,0.0017146835854837403,45.46752337494209,45092.8505385355,160.83742116568226,260.5894417752894,1.3810530977107152
11000,72,21,0.0,0.001400115860570916,nan,-0.0855014860521177,0.0,-0.31603284650806146,0.08073138567871026,-0.24083535982894616,0.4761368206582993,0.02381694219623535,-0.21239592504651933,2990.328763116311,675.777722934928,291.8945628558481,0.0017131442785877006,45.46752337494209,45216.569363069684,161.25162342494482,259.25474818014027,1.3869442835269847
11000,72,22,0.0,0.00668765054104389,nan,0.01771472098883027,0.0,0.012404047424566769,-0.10148241328734253,-0.1685799304573916,0.2576582963201615,-0.1207263623573032,0.1586169504439225,2986.4441278865424,671.1237290435562,292.6236819743189,0.001708641225147636,45.46752337494209,45177.6904825539,162.04466635944888,258.08931881713414,1.379600485359661
11000,72,23,0.0,0.005880273865125424,nan,-0.09269226565246731,0.0,0.008677860206519276,0.11740572188684914,0.0652071484968512,-0.19129073059020973,-0.018637754238381987,-0.08620029142304253,2987.8014406190996,671.2297944105135,292.5476370644221,0.001709248690976202,45.46752337494209,44572.94616050666,162.3971899203951,258.0778591350561,1.3807218418539924
11000,72,24,0.0,0.0026227321236816405,nan,-0.11791110673531117,0.0,-0.34224743856860296,-0.11807740497756386,-0.013169094589485175,0.47349393813566865,-0.07768029779806826,-0.18417652083531086,2988.95649481917,669.4788053789252,291.84967154403137,0.0017119872279473638,45.46752337494209,44760.738684067415,162.97923292025456,258.7776442313492,1.3852462053837755
11000,72,25,0.0,-0.0004447701451906628,nan,0.11353256015710365,0.0,0.522849809116225,-0.2614038245758952,-0.09059397382243375,-0.17085201071789813,0.056689882596085844,0.06374403530377361,2986.5845509408978,668.1230303273735,292.4077754192968,0.0017133880744930662,45.46752337494209,45316.19893247077,164.15084661258743,261.9880477949072,1.3895066252016535
11000,72,26,0.0,0.0038720952905047343,nan,0.13735108360433418,0.0,0.37625901008209517,-0.2534173688831988,0.22976673837918768,-0.3526083795780841,0.08010666608967451,0.06462625244771307,2991.7089946637775,669.7979140764749,292.2112584550262,0.0017157646028268894,45.46752337494209,45116.2407313129,164.83876730852901,258.447358766556,1.3835109787631878
11000,72,27,0.0,0.003099495688731571,nan,-0.07507529870400796,0.0,-0.4037683026778984,0.15423062732211493,0.35213969021827685,-0.10260201486247783,0.04583700462671665,0.11022478616827806,2987.1667124449204,668.7853820705254,292.45566895041,0.0017133734749518762,45.46752337494209,44978.38604641195,164.89500212483574,258.56737121763365,1.3845840337656505
11000,72,28,0.0,-0.004358661406555172,nan,0.13932173327869304,0.0,-0.02754448507808581,0.229129799946912,-0.20522292295479427,0.0036376080859563537,-0.13716311455070512,0.05603399393475976,2987.4844457516188,670.4774384137359,292.7466957431716,0.0017109781003258804,45.46752337494209,44803.72137170179,165.96453742868096,258.57640751003424,1.3949425852868822
11000,72,29,0.0,0.006626599057784479,nan,-0.07826665534237105,0.0,0.2777484860990558,-0.22626811756454962,-0.013686279524396086,-0.037794089010108285,0.1175595194564282,-0.08409407081390874,2987.0930828897435,668.2711878489844,291.93386253726055,0.00171218132498698,45.46752337494209,45232.22220737833,166.05270411906702,258.33644826135134,1.3796852790864103
11000,100,0,0.0,-0.006588224804822081,nan,0.08664241650542077,0.0,0.0310861415295281,-0.07592110511267819,-0.27776805008788585,0.32260301367105204,-0.004462416799483889,0.21638506603735833,3618.564555382837,835.4843521514158,302.89250866270703,0.003499218895846856,96.39386269739154,65946.18111158127,158.78247405053486,355.40430445736,1.0065882248048221
11000,100,1,0.0,-0.001380263458384762,nan,0.1541868164981434,0.0,0.2409774881211659,-0.18607248175399071,0.04541468218829753,-0.10031968855546275,-0.017200727049541946,0.02356189287681186,3616.758177316396,836.6760792790977,303.4006394839146,0.003497766884152819,96.39386269739154,66071.9977021009,160.55519982054375,354.7478417647883,1.0013802634583848
11000,100,2,0.0,-0.003309682760715698,nan,-0.03085436584092445,0.0,-0.023106262528601193,-0.1504750409012641,0.2123278261575468,-0.038746522727676536,-0.028263014590951364,-0.37464749838165734,3621.779536901258,836.5881063650586,302.6903405963796,0.0035003912537560885,96.39386269739154,66215.98086871977,161.7464055293502,356.62440656952197,1.0033096827607157
11000,100,3,0.0,-0.0027006245712556686,nan,0.15199947354906262,0.0,-0.06941954066600761,-0.13642467435927305,-0.22267736999650767,0.4285215850217905,0.0843001588871258,0.353100787633611,3619.1315385962384,835.3214688270416,302.57509627118526,0.003497447243499975,96.39386269739154,66144.40078335423,163.76783349568893,356.1352651795401,1.0027006245712557
11000,100,4,0.0,0.005514167791852745,nan,-0.041845342082177606,0.0,0.0893194593755353,0.08528074895776902,0.04322470047113662,-0.21782490880444588,0.037066769261246475,-0.18272663432174477,3619.1381926398512,842.4270092321229,303.0933166112403,0.0035047086676451744,96.39386269739154,66284.8396488654,164.9540171098158,354.6187104212632,0.9944858322081473
11000,100,5,0.0,1.949871967777498e-05,nan,0.13470740417600027,0.0,0.028342131536103946,0.2096595758510822,-0.13297205710144513,-0.10502965028572332,-0.11072676783126761,-0.21411305959840493,3625.803650225763,837.5470436010161,302.07494207467806,0.0034983670926987164,96.39386269739154,66538.39481687408,166.92178322385644,354.2115072719449,0.9999805012803223
11000,100,6,0.0,0.001581825853324125,nan,-0.015759305617058194,0.0,-0.09716990445633036,0.3714033008436475,-0.014865116354763737,-0.2593682800325534,-0.017313421784246538,0.04078995473876315,3624.286096495215,838.0108318971542,302.2042950615918,0.0034956014460507203,96.39386269739154,66584.08052827125,168.12755174137152,356.0948782848835,0.9984181741466759
11000,100,7,0.0,0.004838448886357646,nan,0.04286655826972357,0.0,0.2805683730598796,-0.16928823962451817,0.21390478557602471,-0.3251849190114011,0.06250066340646535,-0.1742726667501438,3626.7500655216822,834.2803438244198,303.6254928747762,0.0034994004301715917,96.39386269739154,66006.70638255164,169.8681547793924,353.53458928821294,0.9951615511136424
11000,100,8,0.0,0.0013825439762241993,nan,-0.02065083936653344,0.0,-0.05906153611562129,-0.057964681001027224,-0.2667424634988493,0.3837686806155177,0.09201434675544753,0.2841962456300616,3629.517581059916,836.1643155032879,302.81468710412037,0.0034988023410731043,96.39386269739154,66082.6138801679,171.2803806968631,355.96049694436755,0.9986174560237759
11000,100,9,0.0,0.0017802912923601452,nan,0.14953194262459582,0.0,0.00420453741986461,-0.04129903093421598,0.033200521930320165,0.0038939715840288075,-0.012740171980426365,0.019552600068109827,3622.378086115457,838.6820505340168,302.6998297998956,0.003497594017335718,96.39386269739154,66125.80453718278,173.2372814738348,354.1110355460038,0.9982197087076399
11000,100,10,0.0,0.003448756967017562,nan,0.1366094595108931,0.0,-0.18166196149316136,0.060883418029812536,0.15984577425258473,-0.03906723078922125,0.0647751956167548,-0.23368714895811887,3619.4243131361936,838.1704785244457,303.1692051650049,0.003499184408054751,96.39386269739154,66314.3778934534,174.76969724693822,356.56578779527837,0.9965512430329825
11000,100,11,0.0,-0.007553343391085152,nan,0.06997142095264439,0.0,-0.019762302495334224,0.15886374343416168,-0.3026241236773451,0.1635226827385154,-0.0932749861451346,-0.07159599649535775,3628.427588989032,837.5850765403472,303.17541429784563,0.0034981315297270914,96.39386269739154,66311.80379923488,176.14870387309372,354.8460984399371,1.0075533433910853
11000,100,12,0.0,0.00020651245237165143,nan,-0.04532375727837815,0.0,0.2557709827314967,-0.2708785504726555,0.03662824181003982,-0.021520674068883243,0.016971074218904054,-0.26385337671715137,3622.1353721008118,838.0565351597296,302.7869899041441,0.003499582911860851,96.39386269739154,66588.43928089425,177.42140957324114,354.0800233054461,0.9997934875476284
11000,100,13,0.0,0.002740017398014845,nan,-0.007369997032292793,0.0,0.2167692630977736,-0.2813000058077968,-0.10200047228152481,0.1665312149915287,-0.057558123004543965,0.03978849658773313,3629.311154235368,837.8534450002747,303.10664733033775,0.003500666041534639,96.39386269739154,66279.55720804715,179.0490325821219,355.06516081629445,0.9972599826019852
11000,100,14,0.0,-0.009982562507763325,nan,-0.012203018666702944,0.0,-0.4663797824883421,0.2970338157371555,-0.08925152693013118,0.25859749368130863,-0.13184835928375646,-0.012373625170132331,3623.37105002464,837.9250853745035,302.81632772965395,0.0034959190098627574,96.39386269739154,66494.5250947061,180.52769018503386,354.19066877130984,1.0099825625077634
11000,100,15,0.0,0.007128252289254336,nan,-0.038780655511183135,0.0,0.09673293526817472,0.23724671222853505,-0.21281686387092086,-0.12116278362578682,-0.05026230269235176,0.2461130172316759,3624.496912557095,839.9259409558358,302.5727777597028,0.00349751762984288,96.39386269739154,65787.92139121305,181.99037263054075,356.7258604535242,0.9928717477107457
11000,100,16,0.0,-0.0005482960275888189,nan,-0.02763118149740537,0.0,0.02644611012423763,0.11984912603367245,0.0033924824327407205,-0.14968771859066474,0.0009919513954006268,-0.029096636118303258,3622.3954737133454,834.8824680185709,303.1375955298839,0.0034974283955883758,96.39386269739154,66230.02993382972,183.52404873467458,355.82389069878377,1.0005482960275889
11000,100,17,0.0,-0.0015750964722835313,nan,0.15906612106436746,0.0,-0.07426165625206038,0.1286517417177085,-0.27172323932600484,0.21733315386033994,-0.011529223201867372,-0.03971140107002134,3628.042865010833,842.2701125441704,302.5813640472413,0.003498827715004015,96.39386269739154,66222.31486073078,185.4785134883064,356.0562946130226,1.0015750964722836
11000,100,18,0.0,0.0036663506723912725,nan,0.0735342884591794,0.0,0.2707620052432254,-0.10138921611715737,-0.14976099446185184,-0.01961179466422804,-0.005516868062267373,0.19202112441534788,3625.8407740559405,839.0918656112385,303.02099236503034,0.0034949473824387517,96.39386269739154,66180.88465890118,186.74161049014552,356.67014258079996,0.9963336493276088
11000,100,19,0.0,0.011420124662279995,nan,-0.18700929207445013,0.0,0.3041105838785135,-0.051848299234901016,-0.06974300088322365,-0.18251928376040244,0.004373798528827218,-0.19700795480209204,3620.899819501859,837.6445928392344,302.22507262978485,0.003499652426307345,96.39386269739154,66351.78804712546,187.63919362804916,356.0316149975939,0.9885798753377201
11000,100,20,0.0,0.0029289086277931972,nan,0.17775282242980503,0.0,0.02447225197208122,0.009440370431149085,0.003797552287463757,-0.037710174690687354,0.04224112238476059,0.03135366215640395,3620.4468186334047,836.2399474579917,303.48004590873245,0.0035011787871640876,96.39386269739154,66193.16238540073,189.99676376157896,356.68531063377776,0.9970710913722068
11000,100,21,0.0,0.0015174657327660236,nan,0.03184563446471375,0.0,0.31041860002895455,-0.2737540875389883,0.00678381164216918,-0.043448324132135424,-0.014832234111265498,-0.09708721591313557,3618.938091248367,838.0964296487381,302.2011588295646,0.0034978646059085814,96.39386269739154,66499.05042860482,191.09834485450574,354.19112276468917,0.9984825342672341
11000,100,22,0.0,0.0036951200433482274,nan,0.17034729210833077,0.0,0.3814379973836145,-0.15716979559425354,-0.16700971199741463,-0.0572584897919579,-0.06965666267114293,-0.05687158520024518,3622.7491819143315,835.624858562234,303.04206967286063,0.0034974443305534147,96.39386269739154,66310.74112376747,192.88964620019482,354.94358094283325,0.9963048799566517
11000,100,23,0.0,-0.0008554777050071387,nan,-0.16377081326408902,0.0,0.19479768555107013,-0.040451179626213404,-0.5190082778593312,0.36466177193446797,0.025386065027070037,-0.030210159647144977,3624.4643100923054,839.6836451916598,302.6549876648891,0.003502490957224124,96.39386269739154,66683.51365008681,193.58576203962997,354.71642237092396,1.0008554777050072
11000,100,24,0.0,-0.0019365637009254057,nan,-0.042712468946776584,0.0,0.21363569415116235,-0.03562503918614761,-0.2940430352012029,0.11603238023618975,0.12466694011728395,-0.07621255490470272,3624.9312651231903,837.9040239630347,302.91094082082054,0.003499576755474488,96.39386269739154,66169.81507796413,195.30439250159216,354.8737696660644,1.0019365637009254
11000,100,25,0.0,0.005484019133912565,nan,-0.03573926865792101,0.0,-0.1495070697450029,-0.02978264232531498,-0.03159961126363531,0.21088932333395663,0.02044756226637717,0.20017603227558148,3624.053918691514,836.9612819237574,302.54568332028236,0.0034971449012302894,96.39386269739154,66712.82249473021,196.74764116527325,356.49834468926645,0.9945159808660875
11000,100,26,0.0,0.006967806986429856,nan,0.15708101037871874,0.0,-0.11121372328807333,0.18735481298243703,0.18130602952342098,-0.2574471192177862,0.0485983462710798,0.09382339387695254,3619.871338255663,838.7118644292908,302.62976634144576,0.003497126767685146,96.39386269739154,66218.45020017034,198.6428090682181,355.99821233890066,0.9930321930135702
11000,100,27,0.0,-0.005038890743164361,nan,-0.2325243530895723,0.0,0.3171422777393667,-0.04079027692523435,-0.4294898580176812,0.15313785720356018,-0.028796387889376114,0.04116559528810376,3620.569590581493,839.5186958820316,302.9285777678472,0.0034944312073090593,96.39386269739154,65880.51262719602,199.12606518576757,354.9560802818018,1.0050388907431644
11000,100,28,0.0,-0.0018875501074781071,nan,-0.1614079899428811,0.0,-0.07385865692951285,0.10870178825037555,0.19845277851493565,-0.23329590983580606,-0.05343994730907734,0.16328864989922517,3619.8620831656963,836.8906504620137,303.1742106623578,0.0035009677612019155,96.39386269739154,66289.2393586506,200.76216945366127,355.85085175960376,1.0018875501074782
11000,100,29,0.0,-0.004306196559480548,nan,0.23838351149219575,0.0,0.039619190583262034,0.027202436858294946,0.04232045706901995,-0.1091420845105994,-0.035875823206372816,0.10839797716712486,3628.756420776577,836.843397609036,302.76133863486945,0.003496211178295954,96.39386269739154,65946.33171553862,203.09708878247946,357.5520493412728,1.0043061965594806
